timestamp,value,anomaly_score,label,S(t)_standard,S(t)_reward_low_FP_rate,S(t)_reward_low_FN_rate
2024-04-01 07:14:31.000,226,0.0,0,-0.11,-0.22,-0.11
2024-04-01 07:14:31.000,181,0.0,0,-0.11,-0.22,-0.11
2024-04-01 07:14:31.000,179,0.0,0,-0.11,-0.22,-0.11
2024-04-01 07:14:31.000,230,0.0,0,-0.11,-0.22,-0.11
2024-04-01 07:14:31.000,178,0.0,0,-0.11,-0.22,-0.11
2024-04-01 07:14:31.000,179,0.0,0,-0.11,-0.22,-0.11
2024-04-01 07:14:31.000,228,0.0,0,-0.11,-0.22,-0.11
2024-04-01 07:14:31.000,227,0.0,0,-0.11,-0.22,-0.11
2024-04-01 07:14:31.000,177,0.0,0,-0.11,-0.22,-0.11
2024-04-01 07:14:31.000,229,0.0,0,-0.11,-0.22,-0.11
2024-04-01 07:14:37.000,594,0.0,0,-0.11,-0.22,-0.11
2024-04-01 07:14:47.000,598,0.0,0,-0.11,-0.22,-0.11
2024-04-01 07:15:01.000,305,0.0,0,-0.11,-0.22,-0.11
2024-04-01 07:15:01.000,130,0.0,0,-0.11,-0.22,-0.11
2024-04-01 07:15:01.000,307,0.0,0,-0.11,-0.22,-0.11
2024-04-01 07:15:01.000,306,0.0,0,-0.11,-0.22,-0.11
2024-04-01 07:15:01.000,305,0.0,0,-0.11,-0.22,-0.11
2024-04-01 07:15:01.000,305,0.0,0,-0.11,-0.22,-0.11
2024-04-01 07:15:01.000,128,0.0,0,-0.11,-0.22,-0.11
2024-04-01 07:15:01.000,128,0.0,0,-0.11,-0.22,-0.11
2024-04-01 07:15:01.000,128,0.0,0,-0.11,-0.22,-0.11
2024-04-01 07:15:01.000,128,0.0,0,-0.11,-0.22,-0.11
2024-04-01 07:15:16.000,307,0.0,0,-0.11,-0.22,-0.11
2024-04-01 07:15:16.000,130,0.0,0,-0.11,-0.22,-0.11
2024-04-01 07:15:31.000,307,0.0,0,-0.11,-0.22,-0.11
2024-04-01 07:15:31.000,130,0.0,0,-0.11,-0.22,-0.11
2024-04-01 07:15:46.000,307,0.0,0,-0.11,-0.22,-0.11
2024-04-01 07:15:46.000,130,0.0,0,-0.11,-0.22,-0.11
2024-04-01 07:16:01.000,130,0.0,0,-0.11,-0.22,-0.11
2024-04-01 07:16:01.000,307,0.0,0,-0.11,-0.22,-0.11
2024-04-01 07:16:01.000,306,0.0,0,-0.11,-0.22,-0.11
2024-04-01 07:16:01.000,305,0.0,0,-0.11,-0.22,-0.11
2024-04-01 07:16:01.000,305,0.0,0,-0.11,-0.22,-0.11
2024-04-01 07:16:01.000,128,0.0,0,-0.11,-0.22,-0.11
2024-04-01 07:16:01.000,128,0.0,0,-0.11,-0.22,-0.11
2024-04-01 07:16:01.000,128,0.0,0,-0.11,-0.22,-0.11
2024-04-01 07:16:01.000,128,0.0,0,-0.11,-0.22,-0.11
2024-04-01 07:16:01.000,305,0.0,0,-0.11,-0.22,-0.11
2024-04-01 07:16:16.000,307,0.0,0,-0.11,-0.22,-0.11
2024-04-01 07:16:16.000,130,0.0,0,-0.11,-0.22,-0.11
2024-04-01 07:16:31.000,307,0.0,0,-0.11,-0.22,-0.11
2024-04-01 07:16:31.000,130,0.0,0,-0.11,-0.22,-0.11
2024-04-01 07:16:46.000,307,0.0,0,-0.11,-0.22,-0.11
2024-04-01 07:16:46.000,130,0.0,0,-0.11,-0.22,-0.11
2024-04-01 07:17:01.000,306,0.0,0,-0.11,-0.22,-0.11
2024-04-01 07:17:01.000,307,0.0,0,-0.11,-0.22,-0.11
2024-04-01 07:17:01.000,128,0.0,0,-0.11,-0.22,-0.11
2024-04-01 07:17:01.000,130,0.0,0,-0.11,-0.22,-0.11
2024-04-01 07:17:01.000,305,0.0,0,-0.11,-0.22,-0.11
2024-04-01 07:17:01.000,130,0.0,0,-0.11,-0.22,-0.11
2024-04-01 07:17:01.000,305,0.0,0,-0.11,-0.22,-0.11
2024-04-01 07:17:01.000,128,0.0,0,-0.11,-0.22,-0.11
2024-04-01 07:17:01.000,129,0.0,0,-0.11,-0.22,-0.11
2024-04-01 07:17:01.000,128,0.0,0,-0.11,-0.22,-0.11
2024-04-01 07:17:01.000,128,0.0,0,-0.11,-0.22,-0.11
2024-04-01 07:17:01.000,128,0.0,0,-0.11,-0.22,-0.11
2024-04-01 07:17:01.000,305,0.0,0,-0.11,-0.22,-0.11
2024-04-01 07:17:16.000,307,0.0,0,-0.11,-0.22,-0.11
2024-04-01 07:17:16.000,130,0.0,0,-0.11,-0.22,-0.11
2024-04-01 07:17:31.000,307,0.0,0,-0.11,-0.22,-0.11
2024-04-01 07:17:31.000,130,0.0,0,-0.11,-0.22,-0.11
2024-04-01 07:17:41.000,205,0.0,0,-0.11,-0.22,-0.11
2024-04-01 07:17:41.000,204,0.0,0,-0.11,-0.22,-0.11
2024-04-01 07:17:41.000,197,0.0,0,-0.11,-0.22,-0.11
2024-04-01 07:17:41.000,203,0.0,0,-0.11,-0.22,-0.11
2024-04-01 07:17:46.000,307,0.0,0,-0.11,-0.22,-0.11
2024-04-01 07:17:46.000,130,0.0,0,-0.11,-0.22,-0.11
2024-04-01 07:17:51.000,341,0.0,0,-0.11,-0.22,-0.11
2024-04-01 07:18:01.000,130,0.0,0,-0.11,-0.22,-0.11
2024-04-01 07:18:01.000,307,0.0,0,-0.11,-0.22,-0.11
2024-04-01 07:18:01.000,305,0.0,0,-0.11,-0.22,-0.11
2024-04-01 07:18:01.000,305,0.0,0,-0.11,-0.22,-0.11
2024-04-01 07:18:01.000,306,0.0,0,-0.11,-0.22,-0.11
2024-04-01 07:18:01.000,128,0.0,0,-0.11,-0.22,-0.11
2024-04-01 07:18:01.000,128,0.0,0,-0.11,-0.22,-0.11
2024-04-01 07:18:01.000,128,0.0,0,-0.11,-0.22,-0.11
2024-04-01 07:18:01.000,128,0.0,0,-0.11,-0.22,-0.11
2024-04-01 07:18:01.000,305,0.0,0,-0.11,-0.22,-0.11
2024-04-01 07:18:16.000,307,0.0,0,-0.11,-0.22,-0.11
2024-04-01 07:18:16.000,130,0.0,0,-0.11,-0.22,-0.11
2024-04-01 07:18:31.000,307,0.0,0,-0.11,-0.22,-0.11
2024-04-01 07:18:31.000,130,0.0,0,-0.11,-0.22,-0.11
2024-04-01 07:18:46.000,130,0.0,0,-0.11,-0.22,-0.11
2024-04-01 07:18:46.000,307,0.0,0,-0.11,-0.22,-0.11
2024-04-01 07:19:01.000,307,0.0,0,-0.11,-0.22,-0.11
2024-04-01 07:19:01.000,130,0.0,0,-0.11,-0.22,-0.11
2024-04-01 07:19:01.000,305,0.0,0,-0.11,-0.22,-0.11
2024-04-01 07:19:01.000,305,0.0,0,-0.11,-0.22,-0.11
2024-04-01 07:19:01.000,306,0.0,0,-0.11,-0.22,-0.11
2024-04-01 07:19:01.000,128,0.0,0,-0.11,-0.22,-0.11
2024-04-01 07:19:01.000,128,0.0,0,-0.11,-0.22,-0.11
2024-04-01 07:19:01.000,128,0.0,0,-0.11,-0.22,-0.11
2024-04-01 07:19:01.000,128,0.0,0,-0.11,-0.22,-0.11
2024-04-01 07:19:01.000,305,0.0,0,-0.11,-0.22,-0.11
2024-04-01 07:19:16.000,307,0.0,0,-0.11,-0.22,-0.11
2024-04-01 07:19:16.000,130,0.0,0,-0.11,-0.22,-0.11
2024-04-01 07:19:31.000,307,0.0,0,-0.11,-0.22,-0.11
2024-04-01 07:19:31.000,130,0.0,0,-0.11,-0.22,-0.11
2024-04-01 07:19:46.000,307,0.0,0,-0.11,-0.22,-0.11
2024-04-01 07:19:46.000,130,0.0,0,-0.11,-0.22,-0.11
2024-04-01 07:20:01.000,130,0.0,0,-0.11,-0.22,-0.11
2024-04-01 07:20:01.000,307,0.0,0,-0.11,-0.22,-0.11
2024-04-01 07:20:01.000,306,0.0,0,-0.11,-0.22,-0.11
2024-04-01 07:20:01.000,305,0.0,0,-0.11,-0.22,-0.11
2024-04-01 07:20:01.000,305,0.0,0,-0.11,-0.22,-0.11
2024-04-01 07:20:01.000,128,0.0,0,-0.11,-0.22,-0.11
2024-04-01 07:20:01.000,128,0.0,0,-0.11,-0.22,-0.11
2024-04-01 07:20:01.000,128,0.0,0,-0.11,-0.22,-0.11
2024-04-01 07:20:01.000,128,0.0,0,-0.11,-0.22,-0.11
2024-04-01 07:20:01.000,305,0.0,0,-0.11,-0.22,-0.11
2024-04-01 07:20:04.000,594,0.0,0,-0.11,-0.22,-0.11
2024-04-01 07:20:14.000,598,0.0,0,-0.11,-0.22,-0.11
2024-04-01 07:20:16.000,307,0.0,0,-0.11,-0.22,-0.11
2024-04-01 07:20:16.000,130,0.0,0,-0.11,-0.22,-0.11
2024-04-01 07:20:31.000,307,0.0,0,-0.11,-0.22,-0.11
2024-04-01 07:20:31.000,130,0.0,0,-0.11,-0.22,-0.11
2024-04-01 07:20:46.000,130,0.0,0,-0.11,-0.22,-0.11
2024-04-01 07:20:46.000,307,0.0,0,-0.11,-0.22,-0.11
2024-04-01 07:21:01.000,306,0.0,0,-0.11,-0.22,-0.11
2024-04-01 07:21:01.000,305,0.0,0,-0.11,-0.22,-0.11
2024-04-01 07:21:01.000,130,0.0,0,-0.11,-0.22,-0.11
2024-04-01 07:21:01.000,307,0.0,0,-0.11,-0.22,-0.11
2024-04-01 07:21:01.000,305,0.0,0,-0.11,-0.22,-0.11
2024-04-01 07:21:01.000,128,0.0,0,-0.11,-0.22,-0.11
2024-04-01 07:21:01.000,305,0.0,0,-0.11,-0.22,-0.11
2024-04-01 07:21:01.000,128,0.0,0,-0.11,-0.22,-0.11
2024-04-01 07:21:01.000,128,0.0,0,-0.11,-0.22,-0.11
2024-04-01 07:21:01.000,128,0.0,0,-0.11,-0.22,-0.11
2024-04-01 07:21:16.000,307,0.0,0,-0.11,-0.22,-0.11
2024-04-01 07:21:16.000,130,0.0,0,-0.11,-0.22,-0.11
2024-04-01 07:21:31.000,307,0.0,0,-0.11,-0.22,-0.11
2024-04-01 07:21:31.000,130,0.0,0,-0.11,-0.22,-0.11
2024-04-01 07:21:46.000,307,0.0,0,-0.11,-0.22,-0.11
2024-04-01 07:21:46.000,130,0.0,0,-0.11,-0.22,-0.11
2024-04-01 07:22:01.000,130,0.0,0,-0.11,-0.22,-0.11
2024-04-01 07:22:01.000,307,0.0,0,-0.11,-0.22,-0.11
2024-04-01 07:22:01.000,306,0.0,0,-0.11,-0.22,-0.11
2024-04-01 07:22:01.000,305,0.0,0,-0.11,-0.22,-0.11
2024-04-01 07:22:01.000,305,0.0,0,-0.11,-0.22,-0.11
2024-04-01 07:22:01.000,128,0.0,0,-0.11,-0.22,-0.11
2024-04-01 07:22:01.000,128,0.0,0,-0.11,-0.22,-0.11
2024-04-01 07:22:01.000,128,0.0,0,-0.11,-0.22,-0.11
2024-04-01 07:22:01.000,128,0.0,0,-0.11,-0.22,-0.11
2024-04-01 07:22:01.000,305,0.0,0,-0.11,-0.22,-0.11
2024-04-01 07:22:16.000,307,0.0,0,-0.11,-0.22,-0.11
2024-04-01 07:22:16.000,130,0.0,0,-0.11,-0.22,-0.11
2024-04-01 07:22:31.000,307,0.0,0,-0.11,-0.22,-0.11
2024-04-01 07:22:31.000,130,0.0,0,-0.11,-0.22,-0.11
2024-04-01 07:22:46.000,307,0.0,0,-0.11,-0.22,-0.11
2024-04-01 07:22:46.000,130,0.32061068702290074,0,-0.11,-0.22,-0.11
2024-04-01 07:23:01.000,305,0.32061068702290074,0,-0.11,-0.22,-0.11
2024-04-01 07:23:01.000,130,0.2977099236641221,0,-0.11,-0.22,-0.11
2024-04-01 07:23:01.000,307,0.33587786259541985,0,-0.11,-0.22,-0.11
2024-04-01 07:23:01.000,306,0.3587786259541985,0,-0.11,-0.22,-0.11
2024-04-01 07:23:01.000,305,0.2748091603053435,0,-0.11,-0.22,-0.11
2024-04-01 07:23:01.000,128,0.32061068702290074,0,-0.11,-0.22,-0.11
2024-04-01 07:23:01.000,128,0.4274809160305344,0,-0.11,-0.22,-0.11
2024-04-01 07:23:01.000,305,0.7099236641221374,0,-0.11,-0.22,-0.11
2024-04-01 07:23:01.000,128,0.7328244274809159,0,-0.11,-0.22,-0.11
2024-04-01 07:23:01.000,128,0.8091603053435115,0,-0.11,-0.22,-0.11
2024-04-01 07:23:16.000,307,0.8320610687022901,0,-0.11,-0.22,-0.11
2024-04-01 07:23:16.000,130,0.7251908396946565,0,-0.11,-0.22,-0.11
2024-04-01 07:23:31.000,307,0.5038167938931297,0,-0.11,-0.22,-0.11
2024-04-01 07:23:31.000,130,0.6106870229007634,0,-0.11,-0.22,-0.11
2024-04-01 07:23:38.000,384,0.816793893129771,0,-0.11,-0.22,-0.11
2024-04-01 07:23:39.000,463,0.8549618320610687,0,-0.11,-0.22,-0.11
2024-04-01 07:23:39.000,587,0.9847328244274808,0,-0.11,-0.22,-0.11
2024-04-01 07:23:46.000,130,1.0,0,-0.11,-0.22,-0.11
2024-04-01 07:23:46.000,307,0.5,0,-0.11,-0.22,-0.11
2024-04-01 07:23:49.000,588,0.5,0,-0.11,-0.22,-0.11
2024-04-01 07:23:49.000,589,0.5,0,-0.11,-0.22,-0.11
2024-04-01 07:23:49.000,590,0.5,0,-0.11,-0.22,-0.11
2024-04-01 07:24:01.000,307,0.5,0,-0.11,-0.22,-0.11
2024-04-01 07:24:01.000,128,0.5,0,-0.11,-0.22,-0.11
2024-04-01 07:24:01.000,128,0.5,0,-0.11,-0.22,-0.11
2024-04-01 07:24:01.000,128,0.5,0,-0.11,-0.22,-0.11
2024-04-01 07:24:01.000,128,0.5,0,-0.11,-0.22,-0.11
2024-04-01 07:24:01.000,305,0.5,0,-0.11,-0.22,-0.11
2024-04-01 07:24:01.000,305,0.5,0,-0.11,-0.22,-0.11
2024-04-01 07:24:01.000,305,0.5,0,-0.11,-0.22,-0.11
2024-04-01 07:24:01.000,306,0.5,0,-0.11,-0.22,-0.11
2024-04-01 07:24:01.000,130,0.5,0,-0.11,-0.22,-0.11
2024-04-01 07:24:16.000,130,0.5,0,-0.11,-0.22,-0.11
2024-04-01 07:24:16.000,307,0.5,0,-0.11,-0.22,-0.11
2024-04-01 07:24:31.000,307,0.5,0,-0.11,-0.22,-0.11
2024-04-01 07:24:31.000,130,0.5,0,-0.11,-0.22,-0.11
2024-04-01 07:24:46.000,307,0.5,0,-0.11,-0.22,-0.11
2024-04-01 07:24:46.000,130,0.5,0,-0.11,-0.22,-0.11
2024-04-01 07:25:01.000,130,0.5,0,-0.11,-0.22,-0.11
2024-04-01 07:25:01.000,307,0.5,0,-0.11,-0.22,-0.11
2024-04-01 07:25:01.000,305,0.5,0,-0.11,-0.22,-0.11
2024-04-01 07:25:01.000,305,0.5,0,-0.11,-0.22,-0.11
2024-04-01 07:25:01.000,306,0.5,0,-0.11,-0.22,-0.11
2024-04-01 07:25:01.000,128,0.5,0,-0.11,-0.22,-0.11
2024-04-01 07:25:01.000,128,0.5,0,-0.11,-0.22,-0.11
2024-04-01 07:25:01.000,128,0.5,0,-0.11,-0.22,-0.11
2024-04-01 07:25:01.000,128,0.5,0,-0.11,-0.22,-0.11
2024-04-01 07:25:01.000,305,0.5,0,-0.11,-0.22,-0.11
2024-04-01 07:25:16.000,307,0.2442748091603053,0,-0.11,-0.22,-0.11
2024-04-01 07:25:16.000,130,0.32061068702290074,0,-0.11,-0.22,-0.11
2024-04-01 07:25:31.000,307,0.3282442748091603,0,-0.11,-0.22,-0.11
2024-04-01 07:25:31.000,130,0.06106870229007633,0,-0.11,-0.22,-0.11
2024-04-01 07:25:46.000,307,0.022900763358778626,0,-0.11,-0.22,-0.11
2024-04-01 07:25:46.000,130,0.3053435114503817,0,-0.11,-0.22,-0.11
2024-04-01 07:26:01.000,306,0.2748091603053435,0,-0.11,-0.22,-0.11
2024-04-01 07:26:01.000,130,0.22900763358778625,0,-0.11,-0.22,-0.11
2024-04-01 07:26:01.000,307,0.3053435114503817,0,-0.11,-0.22,-0.11
2024-04-01 07:26:01.000,305,0.32061068702290074,0,-0.11,-0.22,-0.11
2024-04-01 07:26:01.000,305,0.16793893129770993,0,-0.11,-0.22,-0.11
2024-04-01 07:26:01.000,128,0.2366412213740458,0,-0.11,-0.22,-0.11
2024-04-01 07:26:01.000,128,0.3435114503816794,0,-0.11,-0.22,-0.11
2024-04-01 07:26:01.000,128,0.12213740458015268,0,-0.11,-0.22,-0.11
2024-04-01 07:26:01.000,128,0.11450381679389313,0,-0.11,-0.22,-0.11
2024-04-01 07:26:01.000,305,0.09923664122137403,0,-0.11,-0.22,-0.11
2024-04-01 07:26:16.000,307,0.16030534351145034,0,-0.11,-0.22,-0.11
2024-04-01 07:26:16.000,130,0.3282442748091603,0,-0.11,-0.22,-0.11
2024-04-01 07:26:31.000,130,0.2977099236641221,0,-0.11,-0.22,-0.11
2024-04-01 07:26:31.000,307,0.4961832061068702,0,-0.11,-0.22,-0.11
2024-04-01 07:26:46.000,307,0.5114503816793893,0,-0.11,-0.22,-0.11
2024-04-01 07:26:46.000,130,0.648854961832061,0,-0.11,-0.22,-0.11
2024-04-01 07:26:49.000,594,0.7251908396946565,0,-0.11,-0.22,-0.11
2024-04-01 07:26:59.000,598,0.8778625954198473,0,-0.11,-0.22,-0.11
2024-04-01 07:27:01.000,305,0.8702290076335878,0,-0.11,-0.22,-0.11
2024-04-01 07:27:01.000,307,0.8702290076335878,0,-0.11,-0.22,-0.11
2024-04-01 07:27:01.000,306,0.8549618320610687,0,-0.11,-0.22,-0.11
2024-04-01 07:27:01.000,130,0.8320610687022901,0,-0.11,-0.22,-0.11
2024-04-01 07:27:01.000,305,0.8320610687022901,0,-0.11,-0.22,-0.11
2024-04-01 07:27:01.000,128,0.8549618320610687,0,-0.11,-0.22,-0.11
2024-04-01 07:27:01.000,128,0.8320610687022901,0,-0.11,-0.22,-0.11
2024-04-01 07:27:01.000,128,0.8015267175572519,0,-0.11,-0.22,-0.11
2024-04-01 07:27:01.000,128,0.816793893129771,0,-0.11,-0.22,-0.11
2024-04-01 07:27:01.000,305,0.7862595419847328,0,-0.11,-0.22,-0.11
2024-04-01 07:27:16.000,307,0.7786259541984732,0,-0.11,-0.22,-0.11
2024-04-01 07:27:16.000,130,0.8396946564885496,0,-0.11,-0.22,-0.11
2024-04-01 07:27:31.000,307,0.8091603053435115,0,-0.11,-0.22,-0.11
2024-04-01 07:27:31.000,130,0.7251908396946565,0,-0.11,-0.22,-0.11
2024-04-01 07:27:46.000,130,0.6946564885496184,0,-0.11,-0.22,-0.11
2024-04-01 07:27:46.000,307,0.6412213740458015,0,-0.11,-0.22,-0.11
2024-04-01 07:28:01.000,306,0.5954198473282443,0,-0.11,-0.22,-0.11
2024-04-01 07:28:01.000,305,0.5114503816793893,0,-0.11,-0.22,-0.11
2024-04-01 07:28:01.000,130,0.2824427480916031,0,-0.11,-0.22,-0.11
2024-04-01 07:28:01.000,307,0.3435114503816794,0,-0.11,-0.22,-0.11
2024-04-01 07:28:01.000,305,0.33587786259541985,0,-0.11,-0.22,-0.11
2024-04-01 07:28:01.000,128,0.3816793893129771,0,-0.11,-0.22,-0.11
2024-04-01 07:28:01.000,128,0.3816793893129771,0,-0.11,-0.22,-0.11
2024-04-01 07:28:01.000,128,0.3282442748091603,0,-0.11,-0.22,-0.11
2024-04-01 07:28:01.000,305,0.5267175572519084,0,-0.11,-0.22,-0.11
2024-04-01 07:28:01.000,128,0.5496183206106869,0,-0.11,-0.22,-0.11
2024-04-01 07:28:16.000,307,0.5496183206106869,0,-0.11,-0.22,-0.11
2024-04-01 07:28:16.000,130,0.5496183206106869,0,-0.11,-0.22,-0.11
2024-04-01 07:28:31.000,307,0.5267175572519084,0,-0.11,-0.22,-0.11
2024-04-01 07:28:31.000,130,0.5114503816793893,0,-0.11,-0.22,-0.11
2024-04-01 07:28:46.000,307,0.5038167938931297,0,-0.11,-0.22,-0.11
2024-04-01 07:28:46.000,130,0.4580152671755725,0,-0.11,-0.22,-0.11
2024-04-01 07:29:01.000,130,0.5267175572519084,0,-0.11,-0.22,-0.11
2024-04-01 07:29:01.000,307,0.5343511450381679,0,-0.11,-0.22,-0.11
2024-04-01 07:29:01.000,306,0.5038167938931297,0,-0.11,-0.22,-0.11
2024-04-01 07:29:01.000,305,0.4045801526717557,0,-0.11,-0.22,-0.11
2024-04-01 07:29:01.000,305,0.3740458015267176,0,-0.11,-0.22,-0.11
2024-04-01 07:29:01.000,128,0.09923664122137403,0,-0.11,-0.22,-0.11
2024-04-01 07:29:01.000,128,0.06106870229007633,0,-0.11,-0.22,-0.11
2024-04-01 07:29:01.000,128,0.015267175572519085,0,-0.11,-0.22,-0.11
2024-04-01 07:29:01.000,128,0.04580152671755725,0,-0.11,-0.22,-0.11
2024-04-01 07:29:01.000,305,0.03816793893129771,0,-0.11,-0.22,-0.11
2024-04-01 07:29:16.000,307,0.03053435114503817,0,-0.11,-0.22,-0.11
2024-04-01 07:29:16.000,130,0.08396946564885496,0,-0.11,-0.22,-0.11
2024-04-01 07:29:28.000,210,0.09923664122137403,0,-0.11,-0.22,-0.11
2024-04-01 07:29:28.000,209,0.1068702290076336,0,-0.11,-0.22,-0.11
2024-04-01 07:29:28.000,211,0.015267175572519085,0,-0.11,-0.22,-0.11
2024-04-01 07:29:29.000,594,0.6793893129770993,0,-0.11,-0.22,-0.11
2024-04-01 07:29:31.000,307,0.6564885496183206,0,-0.11,-0.22,-0.11
2024-04-01 07:29:31.000,130,0.6793893129770993,0,-0.11,-0.22,-0.11
2024-04-01 07:29:39.000,598,0.8778625954198473,0,-0.11,-0.22,-0.11
2024-04-01 07:29:46.000,307,0.8702290076335878,0,-0.11,-0.22,-0.11
2024-04-01 07:29:46.000,130,0.8854961832061069,0,-0.11,-0.22,-0.11
2024-04-01 07:30:01.000,130,0.8931297709923665,0,-0.11,-0.22,-0.11
2024-04-01 07:30:01.000,307,0.8778625954198473,0,-0.11,-0.22,-0.11
2024-04-01 07:30:01.000,305,0.8702290076335878,0,-0.11,-0.22,-0.11
2024-04-01 07:30:01.000,305,0.8396946564885496,0,-0.11,-0.22,-0.11
2024-04-01 07:30:01.000,306,0.8320610687022901,0,-0.11,-0.22,-0.11
2024-04-01 07:30:01.000,128,0.8320610687022901,0,-0.11,-0.22,-0.11
2024-04-01 07:30:01.000,128,0.7862595419847328,0,-0.11,-0.22,-0.11
2024-04-01 07:30:01.000,128,0.7709923664122137,0,-0.11,-0.22,-0.11
2024-04-01 07:30:01.000,128,0.7862595419847328,0,-0.11,-0.22,-0.11
2024-04-01 07:30:01.000,305,0.7786259541984732,0,-0.11,-0.22,-0.11
2024-04-01 07:30:16.000,307,0.7709923664122137,0,-0.11,-0.22,-0.11
2024-04-01 07:30:16.000,130,0.8091603053435115,0,-0.11,-0.22,-0.11
2024-04-01 07:30:31.000,307,0.7938931297709924,0,-0.11,-0.22,-0.11
2024-04-01 07:30:31.000,130,0.5572519083969466,0,-0.11,-0.22,-0.11
2024-04-01 07:30:46.000,307,0.5725190839694656,0,-0.11,-0.22,-0.11
2024-04-01 07:30:46.000,130,0.5190839694656488,0,-0.11,-0.22,-0.11
2024-04-01 07:31:01.000,305,0.16793893129770993,0,-0.11,-0.22,-0.11
2024-04-01 07:31:01.000,307,0.08396946564885496,0,-0.11,-0.22,-0.11
2024-04-01 07:31:01.000,306,0.03053435114503817,0,-0.11,-0.22,-0.11
2024-04-01 07:31:01.000,305,0.06106870229007633,0,-0.11,-0.22,-0.11
2024-04-01 07:31:01.000,130,0.2824427480916031,0,-0.11,-0.22,-0.11
2024-04-01 07:31:01.000,128,0.2595419847328244,0,-0.11,-0.22,-0.11
2024-04-01 07:31:01.000,128,0.2824427480916031,0,-0.11,-0.22,-0.11
2024-04-01 07:31:01.000,128,0.16793893129770993,0,-0.11,-0.22,-0.11
2024-04-01 07:31:01.000,128,0.3053435114503817,0,-0.11,-0.22,-0.11
2024-04-01 07:31:01.000,305,0.19083969465648856,0,-0.11,-0.22,-0.11
2024-04-01 07:31:16.000,307,0.31297709923664124,0,-0.11,-0.22,-0.11
2024-04-01 07:31:16.000,130,0.3969465648854962,0,-0.11,-0.22,-0.11
2024-04-01 07:31:31.000,307,0.3282442748091603,0,-0.11,-0.22,-0.11
2024-04-01 07:31:31.000,130,0.3435114503816794,0,-0.11,-0.22,-0.11
2024-04-01 07:31:46.000,307,0.3053435114503817,0,-0.11,-0.22,-0.11
2024-04-01 07:31:46.000,130,0.3435114503816794,0,-0.11,-0.22,-0.11
2024-04-01 07:32:01.000,130,0.4885496183206106,0,-0.11,-0.22,-0.11
2024-04-01 07:32:01.000,307,0.4274809160305344,0,-0.11,-0.22,-0.11
2024-04-01 07:32:01.000,306,0.33587786259541985,0,-0.11,-0.22,-0.11
2024-04-01 07:32:01.000,305,0.15267175572519084,0,-0.11,-0.22,-0.11
2024-04-01 07:32:01.000,305,0.1297709923664122,0,-0.11,-0.22,-0.11
2024-04-01 07:32:01.000,305,0.3587786259541985,0,-0.11,-0.22,-0.11
2024-04-01 07:32:01.000,128,0.3587786259541985,0,-0.11,-0.22,-0.11
2024-04-01 07:32:01.000,128,0.22137404580152675,0,-0.11,-0.22,-0.11
2024-04-01 07:32:01.000,128,0.20610687022900764,0,-0.11,-0.22,-0.11
2024-04-01 07:32:01.000,128,0.2748091603053435,0,-0.11,-0.22,-0.11
2024-04-01 07:32:16.000,307,0.4274809160305344,0,-0.11,-0.22,-0.11
2024-04-01 07:32:16.000,130,0.5877862595419847,0,-0.11,-0.22,-0.11
2024-04-01 07:32:31.000,307,0.4198473282442748,0,-0.11,-0.22,-0.11
2024-04-01 07:32:31.000,130,0.450381679389313,0,-0.11,-0.22,-0.11
2024-04-01 07:32:46.000,307,0.4427480916030535,0,-0.11,-0.22,-0.11
2024-04-01 07:32:46.000,130,0.4656488549618321,0,-0.11,-0.22,-0.11
2024-04-01 07:33:01.000,130,0.5114503816793893,0,-0.11,-0.22,-0.11
2024-04-01 07:33:01.000,307,0.4274809160305344,0,-0.11,-0.22,-0.11
2024-04-01 07:33:01.000,306,0.4122137404580153,0,-0.11,-0.22,-0.11
2024-04-01 07:33:01.000,305,0.4198473282442748,0,-0.11,-0.22,-0.11
2024-04-01 07:33:01.000,305,0.3740458015267176,0,-0.11,-0.22,-0.11
2024-04-01 07:33:01.000,128,0.3816793893129771,0,-0.11,-0.22,-0.11
2024-04-01 07:33:01.000,128,0.3282442748091603,0,-0.11,-0.22,-0.11
2024-04-01 07:33:01.000,128,0.2977099236641221,0,-0.11,-0.22,-0.11
2024-04-01 07:33:01.000,128,0.015267175572519085,0,-0.11,-0.22,-0.11
2024-04-01 07:33:01.000,305,0.0,0,-0.11,-0.22,-0.11
2024-04-01 07:33:16.000,307,0.03816793893129771,0,-0.11,-0.22,-0.11
2024-04-01 07:33:16.000,130,0.2137404580152672,0,-0.11,-0.22,-0.11
2024-04-01 07:33:31.000,130,0.4885496183206106,0,-0.11,-0.22,-0.11
2024-04-01 07:33:31.000,594,0.8320610687022901,0,-0.11,-0.22,-0.11
2024-04-01 07:33:31.000,307,0.7862595419847328,0,-0.11,-0.22,-0.11
2024-04-01 07:33:41.000,598,0.9694656488549618,0,-0.11,-0.22,-0.11
2024-04-01 07:33:46.000,307,0.9236641221374046,0,-0.11,-0.22,-0.11
2024-04-01 07:33:46.000,130,0.900763358778626,0,-0.11,-0.22,-0.11
2024-04-01 07:34:01.000,306,0.9389312977099236,0,-0.11,-0.22,-0.11
2024-04-01 07:34:01.000,307,0.916030534351145,0,-0.11,-0.22,-0.11
2024-04-01 07:34:01.000,305,0.8778625954198473,0,-0.11,-0.22,-0.11
2024-04-01 07:34:01.000,130,0.9923664122137404,0,-0.11,-0.22,-0.11
2024-04-01 07:34:01.000,305,0.9541984732824428,0,-0.11,-0.22,-0.11
2024-04-01 07:34:01.000,128,0.9465648854961832,0,-0.11,-0.22,-0.11
2024-04-01 07:34:01.000,128,0.9389312977099236,0,-0.11,-0.22,-0.11
2024-04-01 07:34:01.000,128,0.9389312977099236,0,-0.11,-0.22,-0.11
2024-04-01 07:34:01.000,128,0.9465648854961832,0,-0.11,-0.22,-0.11
2024-04-01 07:34:01.000,305,0.9083969465648856,0,-0.11,-0.22,-0.11
2024-04-01 07:34:16.000,307,0.8702290076335878,0,-0.11,-0.22,-0.11
2024-04-01 07:34:16.000,130,0.9083969465648856,0,-0.11,-0.22,-0.11
2024-04-01 07:34:31.000,307,0.931297709923664,0,-0.11,-0.22,-0.11
2024-04-01 07:34:31.000,130,0.8396946564885496,0,-0.11,-0.22,-0.11
2024-04-01 07:34:41.000,143,0.6106870229007634,0,-0.11,-0.22,-0.11
2024-04-01 07:34:41.000,144,0.6335877862595419,0,-0.11,-0.22,-0.11
2024-04-01 07:34:41.000,143,0.31297709923664124,0,-0.11,-0.22,-0.11
2024-04-01 07:34:41.000,197,0.13740458015267176,0,-0.11,-0.22,-0.11
2024-04-01 07:34:41.000,204,0.1068702290076336,0,-0.11,-0.22,-0.11
2024-04-01 07:34:41.000,203,0.0,0,-0.11,-0.22,-0.11
2024-04-01 07:34:41.000,205,0.0,0,-0.11,-0.22,-0.11
2024-04-01 07:34:43.000,624,0.7022900763358778,0,-0.11,-0.22,-0.11
2024-04-01 07:34:43.000,128,0.7022900763358778,0,-0.11,-0.22,-0.11
2024-04-01 07:34:43.000,518,0.7786259541984732,0,-0.11,-0.22,-0.11
2024-04-01 07:34:43.000,145,0.7480916030534351,0,-0.11,-0.22,-0.11
2024-04-01 07:34:43.000,143,0.7480916030534351,0,-0.11,-0.22,-0.11
2024-04-01 07:34:43.000,143,0.7251908396946565,0,-0.11,-0.22,-0.11
2024-04-01 07:34:43.000,198,0.6946564885496184,0,-0.11,-0.22,-0.11
2024-04-01 07:34:43.000,130,0.7022900763358778,0,-0.11,-0.22,-0.11
2024-04-01 07:34:44.000,198,0.6870229007633588,0,-0.11,-0.22,-0.11
2024-04-01 07:34:46.000,144,0.6870229007633588,0,-0.11,-0.22,-0.11
2024-04-01 07:34:46.000,143,0.6564885496183206,0,-0.11,-0.22,-0.11
2024-04-01 07:34:46.000,143,0.648854961832061,0,-0.11,-0.22,-0.11
2024-04-01 07:34:46.000,197,0.5801526717557252,0,-0.11,-0.22,-0.11
2024-04-01 07:34:46.000,204,0.5725190839694656,0,-0.11,-0.22,-0.11
2024-04-01 07:34:46.000,130,0.5725190839694656,0,-0.11,-0.22,-0.11
2024-04-01 07:34:46.000,307,0.5954198473282443,0,-0.11,-0.22,-0.11
2024-04-01 07:34:46.000,205,0.6106870229007634,0,-0.11,-0.22,-0.11
2024-04-01 07:34:47.000,624,1.0,0,-0.11,-0.22,-0.11
2024-04-01 07:34:47.000,128,0.5,0,-0.11,-0.22,-0.11
2024-04-01 07:34:47.000,145,0.5,0,-0.11,-0.22,-0.11
2024-04-01 07:34:47.000,143,0.5,0,-0.11,-0.22,-0.11
2024-04-01 07:34:47.000,143,0.5,0,-0.11,-0.22,-0.11
2024-04-01 07:34:47.000,200,0.5,0,-0.11,-0.22,-0.11
2024-04-01 07:34:47.000,130,0.5,0,-0.11,-0.22,-0.11
2024-04-01 07:34:48.000,200,0.5,0,-0.11,-0.22,-0.11
2024-04-01 07:34:49.000,140,0.5,0,-0.11,-0.22,-0.11
2024-04-01 07:34:49.000,130,0.5,0,-0.11,-0.22,-0.11
2024-04-01 07:34:49.000,624,0.5,0,-0.11,-0.22,-0.11
2024-04-01 07:34:49.000,128,0.5,0,-0.11,-0.22,-0.11
2024-04-01 07:34:52.000,145,0.5,0,-0.11,-0.22,-0.11
2024-04-01 07:34:52.000,143,0.5,0,-0.11,-0.22,-0.11
2024-04-01 07:34:52.000,143,0.5,0,-0.11,-0.22,-0.11
2024-04-01 07:34:52.000,130,0.5,0,-0.11,-0.22,-0.11
2024-04-01 07:34:52.000,128,0.5,0,-0.11,-0.22,-0.11
2024-04-01 07:34:52.000,624,0.5,0,-0.11,-0.22,-0.11
2024-04-01 07:34:52.000,201,0.5,0,-0.11,-0.22,-0.11
2024-04-01 07:34:52.000,143,0.5,0,-0.11,-0.22,-0.11
2024-04-01 07:34:52.000,143,0.5,0,-0.11,-0.22,-0.11
2024-04-01 07:34:52.000,197,0.5,0,-0.11,-0.22,-0.11
2024-04-01 07:34:52.000,205,0.5,0,-0.11,-0.22,-0.11
2024-04-01 07:34:52.000,204,0.5,0,-0.11,-0.22,-0.11
2024-04-01 07:34:52.000,203,0.5,0,-0.11,-0.22,-0.11
2024-04-01 07:34:52.000,144,0.5,0,-0.11,-0.22,-0.11
2024-04-01 07:34:53.000,624,0.5,0,-0.11,-0.22,-0.11
2024-04-01 07:34:53.000,128,0.5,0,-0.11,-0.22,-0.11
2024-04-01 07:34:53.000,130,0.5,0,-0.11,-0.22,-0.11
2024-04-01 07:34:53.000,201,0.5,0,-0.11,-0.22,-0.11
2024-04-01 07:34:58.000,130,0.5,0,-0.11,-0.22,-0.11
2024-04-01 07:34:58.000,624,0.9770992366412212,0,-0.11,-0.22,-0.11
2024-04-01 07:34:58.000,128,0.9770992366412212,0,-0.11,-0.22,-0.11
2024-04-01 07:35:01.000,305,0.9770992366412212,0,-0.11,-0.22,-0.11
2024-04-01 07:35:01.000,130,0.9465648854961832,0,-0.11,-0.22,-0.11
2024-04-01 07:35:01.000,307,0.931297709923664,0,-0.11,-0.22,-0.11
2024-04-01 07:35:01.000,305,0.7404580152671756,0,-0.11,-0.22,-0.11
2024-04-01 07:35:01.000,306,0.7404580152671756,0,-0.11,-0.22,-0.11
2024-04-01 07:35:01.000,128,0.7709923664122137,0,-0.11,-0.22,-0.11
2024-04-01 07:35:01.000,128,0.7480916030534351,0,-0.11,-0.22,-0.11
2024-04-01 07:35:01.000,128,0.7480916030534351,0,-0.11,-0.22,-0.11
2024-04-01 07:35:01.000,128,0.7404580152671756,0,-0.11,-0.22,-0.11
2024-04-01 07:35:01.000,305,0.7251908396946565,0,-0.11,-0.22,-0.11
2024-04-01 07:35:16.000,307,0.7938931297709924,0,-0.11,-0.22,-0.11
2024-04-01 07:35:16.000,130,0.6870229007633588,0,-0.11,-0.22,-0.11
2024-04-01 07:35:31.000,307,0.4122137404580153,0,-0.11,-0.22,-0.11
2024-04-01 07:35:31.000,130,0.4045801526717557,0,-0.11,-0.22,-0.11
2024-04-01 07:35:46.000,307,0.4045801526717557,0,-0.11,-0.22,-0.11
2024-04-01 07:35:46.000,130,0.3893129770992366,0,-0.11,-0.22,-0.11
2024-04-01 07:35:52.000,594,0.4198473282442748,0,-0.11,-0.22,-0.11
2024-04-01 07:36:01.000,130,0.3435114503816794,0,-0.11,-0.22,-0.11
2024-04-01 07:36:01.000,307,0.3435114503816794,0,-0.11,-0.22,-0.11
2024-04-01 07:36:01.000,305,0.3740458015267176,0,-0.11,-0.22,-0.11
2024-04-01 07:36:01.000,305,0.3740458015267176,0,-0.11,-0.22,-0.11
2024-04-01 07:36:01.000,306,0.3969465648854962,0,-0.11,-0.22,-0.11
2024-04-01 07:36:01.000,128,0.4198473282442748,0,-0.11,-0.22,-0.11
2024-04-01 07:36:01.000,128,0.4122137404580153,0,-0.11,-0.22,-0.11
2024-04-01 07:36:01.000,128,0.4198473282442748,0,-0.11,-0.22,-0.11
2024-04-01 07:36:01.000,128,0.3969465648854962,0,-0.11,-0.22,-0.11
2024-04-01 07:36:01.000,305,0.4274809160305344,0,-0.11,-0.22,-0.11
2024-04-01 07:36:02.000,598,0.450381679389313,0,-0.11,-0.22,-0.11
2024-04-01 07:36:16.000,307,0.450381679389313,0,-0.11,-0.22,-0.11
2024-04-01 07:36:16.000,130,0.4580152671755725,0,-0.11,-0.22,-0.11
2024-04-01 07:36:30.999,307,0.4656488549618321,1,1.0,1.0,1.0
2024-04-01 07:36:31.000,130,0.4580152671755725,1,0.9998677574766236,0.9998677574766236,0.9998677574766237
2024-04-01 07:36:31.008,426,0.4656488549618321,1,0.9997342348215758,0.9997342348215758,0.9997342348215758
2024-04-01 07:36:46.000,307,0.4732824427480916,1,0.9995994198163876,0.9995994198163876,0.9995994198163876
2024-04-01 07:36:46.000,130,0.5038167938931297,1,0.999463300129366,0.9994633001293659,0.999463300129366
2024-04-01 07:37:01.000,305,0.36641221374045796,1,0.999325863314612,0.999325863314612,0.999325863314612
2024-04-01 07:37:01.000,305,0.33587786259541985,1,0.9991870968110272,0.9991870968110272,0.9991870968110271
2024-04-01 07:37:01.000,130,0.19083969465648856,1,0.9990469879413204,0.9990469879413204,0.9990469879413205
2024-04-01 07:37:01.000,307,0.1984732824427481,1,0.9989055239110036,0.9989055239110036,0.9989055239110037
2024-04-01 07:37:01.000,306,0.18320610687022892,1,0.9987626918073776,0.9987626918073776,0.9987626918073775
2024-04-01 07:37:01.000,128,0.20610687022900764,1,0.9986184785985164,0.9986184785985164,0.9986184785985163
2024-04-01 07:37:01.000,128,0.2366412213740458,1,0.9984728711322388,0.9984728711322388,0.9984728711322388
2024-04-01 07:37:01.000,128,0.2519083969465649,1,0.9983258561350776,0.9983258561350776,0.9983258561350777
2024-04-01 07:37:01.000,128,0.20610687022900764,1,0.9981774202112372,0.9981774202112372,0.9981774202112372
2024-04-01 07:37:01.000,305,0.17557251908396945,1,0.9980275498415456,0.9980275498415456,0.9980275498415455
2024-04-01 07:37:01.008,426,0.1984732824427481,1,0.997876231382399,0.997876231382399,0.997876231382399
2024-04-01 07:37:16.000,307,0.04580152671755725,1,0.9977234510647006,0.9977234510647006,0.9977234510647006
2024-04-01 07:37:16.000,130,0.03816793893129771,1,0.9975691949927876,0.9975691949927876,0.9975691949927877
2024-04-01 07:37:31.000,307,0.053435114503816786,1,0.9974134491433556,0.9974134491433556,0.9974134491433555
2024-04-01 07:37:31.000,130,0.08396946564885496,1,0.9972561993643724,0.9972561993643724,0.9972561993643725
2024-04-01 07:37:46.000,307,0.03816793893129771,1,0.9970974313739848,0.9970974313739848,0.9970974313739848
2024-04-01 07:37:46.000,130,0.03816793893129771,1,0.9969371307594204,0.9969371307594204,0.9969371307594205
2024-04-01 07:38:01.000,130,0.06870229007633588,1,0.9967752829758776,0.9967752829758776,0.9967752829758776
2024-04-01 07:38:01.000,307,0.06870229007633588,1,0.996611873345412,0.996611873345412,0.996611873345412
2024-04-01 07:38:01.000,305,0.015267175572519085,1,0.9964468870558122,0.9964468870558122,0.9964468870558122
2024-04-01 07:38:01.000,306,0.015267175572519085,1,0.9962803091594716,0.9962803091594716,0.9962803091594715
2024-04-01 07:38:01.000,128,0.015267175572519085,1,0.9961121245722478,0.9961121245722478,0.9961121245722478
2024-04-01 07:38:01.000,128,0.0076335877862595426,1,0.9959423180723196,0.9959423180723196,0.9959423180723196
2024-04-01 07:38:01.000,128,0.0,1,0.9957708742990324,0.9957708742990324,0.9957708742990325
2024-04-01 07:38:01.000,305,0.03816793893129771,1,0.9955977777517389,0.9955977777517389,0.9955977777517389
2024-04-01 07:38:01.000,128,0.06106870229007633,1,0.9954230127886292,0.9954230127886292,0.9954230127886292
2024-04-01 07:38:01.000,305,0.06870229007633588,1,0.9952465636255567,0.9952465636255567,0.9952465636255569
2024-04-01 07:38:16.000,307,0.04580152671755725,1,0.995068414334854,0.995068414334854,0.9950684143348539
2024-04-01 07:38:16.000,130,0.053435114503816786,1,0.9948885488441421,0.994888548844142,0.9948885488441419
2024-04-01 07:38:31.000,205,0.0,1,0.99470695093513,0.99470695093513,0.99470695093513
2024-04-01 07:38:31.000,197,0.0,1,0.9945236042424128,0.9945236042424128,0.9945236042424129
2024-04-01 07:38:31.000,204,0.0,1,0.9943384922522542,0.9943384922522542,0.9943384922522542
2024-04-01 07:38:31.000,307,0.0076335877862595426,1,0.994151598301366,0.994151598301366,0.9941515983013661
2024-04-01 07:38:31.000,130,0.022900763358778626,1,0.9939629055756796,0.9939629055756796,0.9939629055756797
2024-04-01 07:38:31.000,203,0.0076335877862595426,1,0.99377239710911,0.99377239710911,0.99377239710911
2024-04-01 07:38:41.000,341,0.03816793893129771,1,0.9935800557823096,0.9935800557823096,0.9935800557823096
2024-04-01 07:38:46.000,307,0.015267175572519085,1,0.9933858643214188,0.9933858643214188,0.9933858643214187
2024-04-01 07:38:46.000,130,0.03053435114503817,1,0.9931898052968056,0.9931898052968056,0.9931898052968056
2024-04-01 07:39:01.000,128,0.03053435114503817,1,0.992991861121799,0.992991861121799,0.992991861121799
2024-04-01 07:39:02.000,130,0.03053435114503817,1,0.9927920140514159,0.992792014051416,0.9927920140514159
2024-04-01 07:39:02.000,305,0.08396946564885496,1,0.9925902461810756,0.9925902461810756,0.9925902461810757
2024-04-01 07:39:02.000,305,0.0916030534351145,1,0.9923865394453152,0.9923865394453152,0.9923865394453152
2024-04-01 07:39:02.000,306,0.08396946564885496,1,0.9921808756164888,0.9921808756164888,0.9921808756164889
2024-04-01 07:39:02.000,307,0.1068702290076336,1,0.9919732363034665,0.9919732363034665,0.9919732363034663
2024-04-01 07:39:02.000,305,0.053435114503816786,1,0.9917636029503198,0.9917636029503198,0.9917636029503198
2024-04-01 07:39:02.000,128,0.08396946564885496,1,0.9915519568350036,0.9915519568350036,0.9915519568350036
2024-04-01 07:39:02.000,128,0.07633587786259542,1,0.9913382790680318,0.9913382790680318,0.9913382790680318
2024-04-01 07:39:02.000,128,0.022900763358778626,1,0.9911225505911384,0.9911225505911384,0.9911225505911383
2024-04-01 07:39:16.000,307,0.04580152671755725,1,0.9909047521759408,0.9909047521759408,0.9909047521759408
2024-04-01 07:39:16.000,130,0.15267175572519084,1,0.9906848644225894,0.9906848644225894,0.9906848644225894
2024-04-01 07:39:31.000,307,0.15267175572519084,1,0.9904628677584122,0.9904628677584122,0.9904628677584122
2024-04-01 07:39:31.000,130,0.15267175572519084,1,0.9902387424365514,0.9902387424365514,0.9902387424365514
2024-04-01 07:39:46.000,307,0.17557251908396945,1,0.9900124685345928,0.9900124685345928,0.9900124685345927
2024-04-01 07:39:46.000,130,0.16030534351145034,1,0.9897840259531896,0.9897840259531896,0.9897840259531897
2024-04-01 07:40:01.000,128,0.15267175572519084,1,0.9895533944146772,0.9895533944146772,0.9895533944146772
2024-04-01 07:40:01.000,130,0.16793893129770993,1,0.9893205534616808,0.9893205534616808,0.9893205534616808
2024-04-01 07:40:01.000,307,0.19083969465648856,1,0.9890854824557176,0.9890854824557176,0.9890854824557177
2024-04-01 07:40:01.000,305,0.16793893129770993,1,0.9888481605757928,0.9888481605757928,0.9888481605757928
2024-04-01 07:40:01.000,305,0.12213740458015268,1,0.9886085668169836,0.9886085668169836,0.9886085668169835
2024-04-01 07:40:01.000,306,0.13740458015267176,1,0.9883666799890216,0.9883666799890216,0.9883666799890217
2024-04-01 07:40:01.000,128,0.16793893129770993,1,0.9881224787148692,0.9881224787148692,0.9881224787148691
2024-04-01 07:40:01.000,128,0.18320610687022892,1,0.9878759414292808,0.9878759414292809,0.987875941429281
2024-04-01 07:40:01.000,128,0.17557251908396945,1,0.9876270463773701,0.98762704637737,0.9876270463773701
2024-04-01 07:40:01.000,305,0.20610687022900764,1,0.9873757716131568,0.9873757716131568,0.9873757716131568
2024-04-01 07:40:16.000,307,0.17557251908396945,1,0.9871220949981208,0.9871220949981208,0.9871220949981209
2024-04-01 07:40:16.000,130,0.2442748091603053,1,0.9868659941997366,0.9868659941997366,0.9868659941997366
2024-04-01 07:40:31.000,307,0.19083969465648856,1,0.986607446690013,0.986607446690013,0.986607446690013
2024-04-01 07:40:31.000,130,0.15267175572519084,1,0.9863464297440172,0.9863464297440172,0.9863464297440171
2024-04-01 07:40:47.000,307,0.267175572519084,1,0.9860829204383988,0.9860829204383988,0.9860829204383987
2024-04-01 07:40:47.000,130,0.2977099236641221,1,0.9858168956499028,0.9858168956499028,0.9858168956499029
2024-04-01 07:41:01.000,130,0.17557251908396945,1,0.985548332053884,0.9855483320538839,0.985548332053884
2024-04-01 07:41:01.000,307,0.3053435114503817,1,0.9852772061228048,0.9852772061228048,0.9852772061228049
2024-04-01 07:41:01.000,305,0.3053435114503817,1,0.9850034941247366,0.9850034941247366,0.9850034941247366
2024-04-01 07:41:01.000,306,0.2519083969465649,1,0.9847271721218499,0.98472717212185,0.9847271721218499
2024-04-01 07:41:01.000,305,0.07633587786259542,1,0.9844482159689016,0.9844482159689016,0.9844482159689016
2024-04-01 07:41:01.000,128,0.3587786259541985,1,0.9841666013117144,0.9841666013117144,0.9841666013117144
2024-04-01 07:41:01.000,128,0.31297709923664124,1,0.9838823035856524,0.9838823035856524,0.9838823035856524
2024-04-01 07:41:01.000,128,0.3893129770992366,1,0.9835952980140904,0.9835952980140904,0.9835952980140903
2024-04-01 07:41:01.000,128,0.3740458015267176,1,0.9833055596068784,0.9833055596068784,0.9833055596068785
2024-04-01 07:41:01.000,305,0.3893129770992366,1,0.9830130631588012,0.9830130631588012,0.9830130631588012
2024-04-01 07:41:09.000,203,0.4274809160305344,1,0.9827177832480322,0.9827177832480322,0.9827177832480322
2024-04-01 07:41:09.000,204,0.3893129770992366,1,0.9824196942345824,0.9824196942345824,0.9824196942345825
2024-04-01 07:41:09.000,205,0.2977099236641221,1,0.9821187702587456,0.9821187702587456,0.9821187702587455
2024-04-01 07:41:09.000,197,0.3587786259541985,1,0.9818149852395376,0.9818149852395376,0.9818149852395376
2024-04-01 07:41:16.000,307,0.3587786259541985,1,0.9815083128731316,0.9815083128731316,0.9815083128731317
2024-04-01 07:41:16.000,130,0.4732824427480916,1,0.9811987266312906,0.9811987266312906,0.9811987266312906
2024-04-01 07:41:20.000,341,0.4045801526717557,1,0.9808861997597912,0.9808861997597912,0.9808861997597913
2024-04-01 07:41:31.000,307,0.4122137404580153,1,0.9805707052768504,0.9805707052768504,0.9805707052768503
2024-04-01 07:41:31.000,130,0.5114503816793893,1,0.9802522159715401,0.98025221597154,0.9802522159715401
2024-04-01 07:41:46.000,130,0.4809160305343512,1,0.9799307044022056,0.9799307044022056,0.9799307044022056
2024-04-01 07:41:46.000,307,0.5496183206106869,1,0.9796061428948756,0.9796061428948756,0.9796061428948755
2024-04-01 07:42:01.000,130,0.5572519083969466,1,0.9792785035416688,0.9792785035416688,0.9792785035416689
2024-04-01 07:42:01.000,305,0.5648854961832062,1,0.9789477581992034,0.9789477581992034,0.9789477581992034
2024-04-01 07:42:01.000,306,0.5877862595419847,1,0.9786138784869932,0.9786138784869932,0.9786138784869932
2024-04-01 07:42:01.000,128,0.5038167938931297,1,0.9782768357858505,0.9782768357858505,0.9782768357858505
2024-04-01 07:42:01.000,307,0.4885496183206106,1,0.9779366012362802,0.9779366012362802,0.9779366012362802
2024-04-01 07:42:01.000,305,0.5496183206106869,1,0.9775931457368754,0.9775931457368754,0.9775931457368754
2024-04-01 07:42:01.000,128,0.4351145038167939,1,0.9772464399427064,0.9772464399427064,0.9772464399427064
2024-04-01 07:42:01.000,128,0.5419847328244275,1,0.976896454263712,0.976896454263712,0.9768964542637121
2024-04-01 07:42:01.000,128,0.5801526717557252,1,0.9765431588630874,0.9765431588630874,0.9765431588630874
2024-04-01 07:42:01.000,305,0.6717557251908397,1,0.9761865236556672,0.9761865236556672,0.9761865236556672
2024-04-01 07:42:01.008,426,0.6870229007633588,1,0.9758265183063124,0.9758265183063124,0.9758265183063124
2024-04-01 07:42:16.000,307,0.6870229007633588,1,0.9754631122282932,0.9754631122282932,0.9754631122282933
2024-04-01 07:42:16.000,130,0.7022900763358778,1,0.97509627458167,0.97509627458167,0.9750962745816699
2024-04-01 07:42:31.000,307,0.7022900763358778,1,0.9747259742716754,0.9747259742716754,0.9747259742716754
2024-04-01 07:42:31.000,130,0.6870229007633588,1,0.9743521799470968,0.9743521799470968,0.9743521799470967
2024-04-01 07:42:46.000,130,0.6946564885496184,1,0.9739748599986532,0.9739748599986532,0.9739748599986532
2024-04-01 07:42:46.000,307,0.6870229007633588,1,0.9735939825573814,0.9735939825573814,0.9735939825573814
2024-04-01 07:43:01.000,305,0.6793893129770993,1,0.9732095154930112,0.9732095154930112,0.9732095154930112
2024-04-01 07:43:01.000,130,0.7022900763358778,1,0.9728214264123516,0.9728214264123516,0.9728214264123516
2024-04-01 07:43:01.000,305,0.6946564885496184,1,0.9724296826576706,0.9724296826576706,0.9724296826576706
2024-04-01 07:43:01.000,305,0.7557251908396947,1,0.9720342513050796,0.9720342513050796,0.9720342513050797
2024-04-01 07:43:01.000,307,0.7633587786259542,1,0.971635099162918,0.971635099162918,0.9716350991629179
2024-04-01 07:43:01.000,128,0.7786259541984732,1,0.9712321927701408,0.9712321927701408,0.9712321927701407
2024-04-01 07:43:01.000,306,0.8015267175572519,1,0.9708254983947048,0.9708254983947048,0.9708254983947048
2024-04-01 07:43:01.000,128,0.8320610687022901,1,0.9704149820319624,0.9704149820319624,0.9704149820319625
2024-04-01 07:43:01.000,128,0.8702290076335878,1,0.970000609403054,0.9700006094030541,0.970000609403054
2024-04-01 07:43:01.000,128,0.8778625954198473,1,0.9695823459533038,0.9695823459533038,0.9695823459533038
2024-04-01 07:43:16.000,307,0.8549618320610687,1,0.9691601568506192,0.9691601568506192,0.9691601568506193
2024-04-01 07:43:16.000,130,0.8625954198473282,1,0.9687340069838976,0.9687340069838976,0.9687340069838976
2024-04-01 07:43:31.000,130,0.7633587786259542,1,0.9683038609614292,0.9683038609614292,0.9683038609614291
2024-04-01 07:43:31.000,307,0.8244274809160306,1,0.9678696831093118,0.9678696831093118,0.9678696831093118
2024-04-01 07:43:42.000,594,0.9770992366412212,1,0.9674314374698672,0.9674314374698672,0.9674314374698673
2024-04-01 07:43:46.000,307,0.931297709923664,1,0.9669890878000604,0.9669890878000604,0.9669890878000605
2024-04-01 07:43:46.000,130,0.9541984732824428,1,0.9665425975699296,0.9665425975699296,0.9665425975699297
2024-04-01 07:43:52.000,598,1.0,1,0.9660919299610168,0.9660919299610168,0.9660919299610168
2024-04-01 07:44:01.000,305,0.5,1,0.9656370478648072,0.9656370478648072,0.9656370478648072
2024-04-01 07:44:01.000,307,0.5,1,0.9651779138811756,0.9651779138811756,0.9651779138811756
2024-04-01 07:44:01.000,130,0.5,1,0.96471449031684,0.96471449031684,0.9647144903168399
2024-04-01 07:44:01.000,306,0.5,1,0.9642467391838188,0.9642467391838188,0.9642467391838188
2024-04-01 07:44:01.000,305,0.5,1,0.9637746221979012,0.9637746221979012,0.9637746221979011
2024-04-01 07:44:01.000,128,0.5,1,0.9632981007771244,0.9632981007771244,0.9632981007771244
2024-04-01 07:44:01.000,128,0.5,1,0.9628171360402566,0.9628171360402566,0.9628171360402566
2024-04-01 07:44:01.000,128,0.5,1,0.9623316888052924,0.9623316888052924,0.9623316888052925
2024-04-01 07:44:01.000,128,0.5,1,0.9618417195879588,0.9618417195879588,0.9618417195879588
2024-04-01 07:44:01.000,305,0.5,1,0.9613471886002262,0.9613471886002262,0.9613471886002262
2024-04-01 07:44:16.000,307,0.5,1,0.960848055748836,0.9608480557488359,0.960848055748836
2024-04-01 07:44:16.000,130,0.5,1,0.960344280633838,0.960344280633838,0.9603442806338379
2024-04-01 07:44:31.000,307,0.5,1,0.9598358225471336,0.9598358225471336,0.9598358225471336
2024-04-01 07:44:31.000,130,0.5,1,0.9593226404710414,0.9593226404710414,0.9593226404710414
2024-04-01 07:44:46.000,130,0.5,1,0.9588046930768672,0.9588046930768672,0.9588046930768673
2024-04-01 07:44:46.000,307,0.5,1,0.95828193872349,0.95828193872349,0.9582819387234901
2024-04-01 07:45:01.000,306,0.5,1,0.957754335455964,0.9577543354559641,0.957754335455964
2024-04-01 07:45:01.000,305,0.5,1,0.9572218410041298,0.9572218410041298,0.9572218410041298
2024-04-01 07:45:01.000,305,0.5,1,0.956684412781247,0.956684412781247,0.956684412781247
2024-04-01 07:45:01.000,305,0.5,1,0.9561420078826368,0.9561420078826368,0.9561420078826367
2024-04-01 07:45:01.000,130,0.5,1,0.9555945830843432,0.9555945830843431,0.955594583084343
2024-04-01 07:45:01.000,128,0.5,1,0.95504209484181,0.95504209484181,0.95504209484181
2024-04-01 07:45:01.000,128,0.5,1,0.9544844992885778,0.9544844992885778,0.9544844992885778
2024-04-01 07:45:01.000,307,0.5,1,0.9539217522349948,0.9539217522349948,0.9539217522349949
2024-04-01 07:45:01.000,128,0.5,1,0.9533538091669485,0.9533538091669485,0.9533538091669483
2024-04-01 07:45:01.000,128,0.5,1,0.9527806252446148,0.9527806252446149,0.952780625244615
2024-04-01 07:45:16.000,307,0.5,1,0.9522021553012324,0.9522021553012324,0.9522021553012323
2024-04-01 07:45:16.000,130,0.5,1,0.9516183538418884,0.9516183538418884,0.9516183538418885
2024-04-01 07:45:31.000,307,0.5,1,0.9510291750423344,0.9510291750423344,0.9510291750423343
2024-04-01 07:45:31.000,130,0.5,1,0.950434572747818,0.950434572747818,0.950434572747818
2024-04-01 07:45:46.000,307,0.4656488549618321,1,0.9498345004719408,0.9498345004719408,0.9498345004719407
2024-04-01 07:45:46.000,130,0.36641221374045796,1,0.949228911395537,0.949228911395537,0.949228911395537
2024-04-01 07:46:01.000,130,0.4122137404580153,1,0.9486177583655778,0.9486177583655778,0.9486177583655778
2024-04-01 07:46:01.000,307,0.4122137404580153,1,0.9480009938940998,0.9480009938940998,0.9480009938940998
2024-04-01 07:46:01.000,306,0.2977099236641221,1,0.9473785701571588,0.9473785701571588,0.9473785701571588
2024-04-01 07:46:01.000,305,0.33587786259541985,1,0.9467504389938108,0.9467504389938108,0.9467504389938107
2024-04-01 07:46:01.000,305,0.4885496183206106,1,0.9461165519051179,0.946116551905118,0.9461165519051181
2024-04-01 07:46:01.000,128,0.4580152671755725,1,0.9454768600531852,0.9454768600531852,0.9454768600531853
2024-04-01 07:46:01.000,128,0.4045801526717557,1,0.9448313142602242,0.9448313142602242,0.9448313142602242
2024-04-01 07:46:01.000,128,0.450381679389313,1,0.9441798650076436,0.9441798650076436,0.9441798650076436
2024-04-01 07:46:01.000,128,0.4732824427480916,1,0.9435224624351766,0.9435224624351766,0.9435224624351766
2024-04-01 07:46:01.000,305,0.5419847328244275,1,0.9428590563400328,0.9428590563400328,0.9428590563400328
2024-04-01 07:46:16.000,307,0.5190839694656488,1,0.9421895961760852,0.9421895961760852,0.9421895961760853
2024-04-01 07:46:16.000,130,0.450381679389313,1,0.9415140310530916,0.9415140310530916,0.9415140310530916
2024-04-01 07:46:31.000,307,0.3893129770992366,1,0.940832309735944,0.9408323097359441,0.940832309735944
2024-04-01 07:46:31.000,130,0.4427480916030535,1,0.9401443806439588,0.9401443806439588,0.9401443806439587
2024-04-01 07:46:46.000,307,0.4961832061068702,1,0.9394501918501988,0.9394501918501988,0.9394501918501987
2024-04-01 07:46:46.000,130,0.4732824427480916,1,0.9387496910808344,0.9387496910808344,0.9387496910808343
2024-04-01 07:47:01.000,305,0.4351145038167939,1,0.9380428257145385,0.9380428257145385,0.9380428257145385
2024-04-01 07:47:01.000,130,0.16793893129770993,1,0.9373295427819216,0.9373295427819216,0.9373295427819215
2024-04-01 07:47:01.000,307,0.06870229007633588,1,0.9366097889650082,0.9366097889650082,0.9366097889650082
2024-04-01 07:47:01.000,306,0.03816793893129771,1,0.9358835105967496,0.9358835105967496,0.9358835105967495
2024-04-01 07:47:01.000,305,0.03053435114503817,1,0.9351506536605799,0.93515065366058,0.9351506536605801
2024-04-01 07:47:01.000,128,0.2137404580152672,1,0.9344111637900152,0.9344111637900152,0.9344111637900151
2024-04-01 07:47:01.000,128,0.1297709923664122,1,0.9336649862682932,0.9336649862682932,0.9336649862682932
2024-04-01 07:47:01.000,128,0.04580152671755725,1,0.93291206602806,0.93291206602806,0.9329120660280599
2024-04-01 07:47:01.000,128,0.0,1,0.9321523476510996,0.9321523476510996,0.9321523476510996
2024-04-01 07:47:01.000,305,0.0076335877862595426,1,0.9313857753681126,0.9313857753681126,0.9313857753681126
2024-04-01 07:47:03.000,203,0.0,1,0.9306122930585392,0.9306122930585392,0.9306122930585393
2024-04-01 07:47:03.000,204,0.0076335877862595426,1,0.9298318442504332,0.9298318442504332,0.9298318442504332
2024-04-01 07:47:03.000,205,0.0,1,0.9290443721203844,0.9290443721203844,0.9290443721203843
2024-04-01 07:47:03.000,197,0.0076335877862595426,1,0.9282498194934904,0.9282498194934904,0.9282498194934905
2024-04-01 07:47:13.000,341,0.015267175572519085,1,0.927448128843386,0.927448128843386,0.9274481288433859
2024-04-01 07:47:16.000,307,0.03816793893129771,1,0.9266392422923154,0.9266392422923154,0.9266392422923154
2024-04-01 07:47:16.000,130,0.0,1,0.9258231016112692,0.9258231016112691,0.925823101611269
2024-04-01 07:47:31.000,307,0.022900763358778626,1,0.9249996482201708,0.9249996482201708,0.9249996482201708
2024-04-01 07:47:31.000,130,0.0076335877862595426,1,0.9241688231881188,0.9241688231881188,0.9241688231881187
2024-04-01 07:47:46.000,130,0.06106870229007633,1,0.9233305672336908,0.9233305672336908,0.9233305672336909
2024-04-01 07:47:46.000,307,0.04580152671755725,1,0.9224848207253034,0.9224848207253034,0.9224848207253034
2024-04-01 07:47:46.008,426,0.11450381679389313,1,0.9216315236816324,0.9216315236816324,0.9216315236816324
2024-04-01 07:48:01.000,128,0.0916030534351145,1,0.9207706157720956,0.9207706157720956,0.9207706157720956
2024-04-01 07:48:01.000,128,0.09923664122137403,1,0.9199020363173976,0.9199020363173976,0.9199020363173976
2024-04-01 07:48:01.000,128,0.0916030534351145,1,0.9190257242901384,0.9190257242901384,0.9190257242901384
2024-04-01 07:48:01.000,306,0.13740458015267176,1,0.918141618315486,0.918141618315486,0.9181416183154859
2024-04-01 07:48:01.000,305,0.15267175572519084,1,0.9172496566719199,0.91724965667192,0.9172496566719199
2024-04-01 07:48:01.000,128,0.16793893129770993,1,0.9163497772920348,0.9163497772920348,0.9163497772920347
2024-04-01 07:48:01.000,305,0.1984732824427481,1,0.9154419177634212,0.9154419177634212,0.9154419177634213
2024-04-01 07:48:01.000,305,0.20610687022900764,1,0.9145260153296126,0.9145260153296126,0.9145260153296126
2024-04-01 07:48:02.000,307,0.2977099236641221,1,0.9136020068911028,0.9136020068911028,0.9136020068911027
2024-04-01 07:48:02.000,130,0.4809160305343512,1,0.9126698290064402,0.9126698290064402,0.9126698290064402
2024-04-01 07:48:17.000,307,0.5267175572519084,1,0.9117294178933943,0.9117294178933943,0.9117294178933945
2024-04-01 07:48:17.000,130,0.2824427480916031,1,0.9107807094302001,0.9107807094302,0.9107807094302001
2024-04-01 07:48:31.000,130,0.3587786259541985,1,0.9098236391568756,0.9098236391568756,0.9098236391568756
2024-04-01 07:48:31.000,307,0.4045801526717557,1,0.9088581422766221,0.908858142276622,0.9088581422766221
2024-04-01 07:48:47.000,307,0.32061068702290074,1,0.9078841536573052,0.9078841536573052,0.9078841536573053
2024-04-01 07:48:47.000,130,0.5343511450381679,1,0.9069016078330135,0.9069016078330135,0.9069016078330135
2024-04-01 07:48:53.000,426,0.5648854961832062,1,0.9059104390057016,0.9059104390057016,0.9059104390057016
2024-04-01 07:49:01.000,307,0.6183206106870229,1,0.9049105810469212,0.9049105810469212,0.9049105810469213
2024-04-01 07:49:01.000,305,0.5648854961832062,1,0.903901967499634,0.903901967499634,0.9039019674996339
2024-04-01 07:49:01.000,306,0.5038167938931297,1,0.9028845315801122,0.9028845315801122,0.902884531580112
2024-04-01 07:49:01.000,305,0.2519083969465649,1,0.9018582061799316,0.9018582061799316,0.9018582061799315
2024-04-01 07:49:01.000,130,0.12213740458015268,1,0.9008229238680512,0.9008229238680512,0.9008229238680512
2024-04-01 07:49:01.000,128,0.20610687022900764,1,0.8997786168929882,0.8997786168929882,0.8997786168929882
2024-04-01 07:49:01.000,128,0.2366412213740458,1,0.8987252171850826,0.8987252171850826,0.8987252171850826
2024-04-01 07:49:01.000,128,0.3511450381679389,1,0.8976626563588604,0.8976626563588604,0.8976626563588604
2024-04-01 07:49:01.000,128,0.4427480916030535,1,0.8965908657154918,0.8965908657154918,0.8965908657154918
2024-04-01 07:49:01.000,305,0.33587786259541985,1,0.8955097762453478,0.8955097762453478,0.8955097762453478
2024-04-01 07:49:16.000,307,0.33587786259541985,1,0.8944193186306569,0.8944193186306569,0.8944193186306569
2024-04-01 07:49:16.000,130,0.32061068702290074,1,0.893319423248263,0.893319423248263,0.893319423248263
2024-04-01 07:49:23.000,594,0.7786259541984732,1,0.8922100201724849,0.8922100201724849,0.8922100201724849
2024-04-01 07:49:31.000,130,0.7480916030534351,1,0.8910910391780825,0.8910910391780825,0.8910910391780825
2024-04-01 07:49:31.000,307,0.8702290076335878,1,0.8899624097433291,0.8899624097433291,0.8899624097433291
2024-04-01 07:49:33.000,598,1.0,1,0.8888240610531873,0.8888240610531873,0.8888240610531873
2024-04-01 07:49:46.000,307,0.5,1,0.8876759220026009,0.8876759220026009,0.887675922002601
2024-04-01 07:49:46.000,130,0.5,1,0.8865179211998918,0.8865179211998918,0.8865179211998918
2024-04-01 07:50:01.000,130,0.5,1,0.8853499869702722,0.8853499869702722,0.8853499869702722
2024-04-01 07:50:01.000,307,0.5,1,0.8841720473594724,0.8841720473594724,0.8841720473594724
2024-04-01 07:50:01.000,305,0.5,1,0.8829840301374805,0.8829840301374805,0.8829840301374805
2024-04-01 07:50:01.000,306,0.5,1,0.881785862802403,0.881785862802403,0.881785862802403
2024-04-01 07:50:01.000,305,0.5,1,0.8805774725844434,0.8805774725844434,0.8805774725844434
2024-04-01 07:50:01.000,128,0.5,1,0.8793587864500021,0.8793587864500021,0.8793587864500021
2024-04-01 07:50:01.000,128,0.5,1,0.878129731105896,0.878129731105896,0.878129731105896
2024-04-01 07:50:01.000,305,0.5,1,0.8768902330037076,0.8768902330037076,0.8768902330037076
2024-04-01 07:50:01.000,128,0.5,1,0.8756402183442543,0.8756402183442543,0.8756402183442543
2024-04-01 07:50:01.000,128,0.5,1,0.8743796130821887,0.8743796130821887,0.8743796130821887
2024-04-01 07:50:16.000,307,0.5,1,0.8731083429307263,0.8731083429307263,0.8731083429307263
2024-04-01 07:50:16.000,130,0.5,1,0.8718263333665036,0.8718263333665036,0.8718263333665036
2024-04-01 07:50:31.000,307,0.5,1,0.8705335096345713,0.8705335096345713,0.8705335096345713
2024-04-01 07:50:31.000,130,0.5,1,0.8692297967535181,0.8692297967535181,0.8692297967535181
2024-04-01 07:50:46.000,130,0.5,1,0.8679151195207311,0.8679151195207311,0.8679151195207311
2024-04-01 07:50:46.000,307,0.5,1,0.866589402517797,0.866589402517797,0.866589402517797
2024-04-01 07:51:01.000,305,0.5,1,0.8652525701160352,0.8652525701160352,0.8652525701160352
2024-04-01 07:51:01.000,128,0.5,1,0.8639045464821784,0.8639045464821784,0.8639045464821784
2024-04-01 07:51:01.000,128,0.5,1,0.8625452555841918,0.8625452555841918,0.8625452555841918
2024-04-01 07:51:01.000,128,0.5,1,0.8611746211972378,0.8611746211972378,0.8611746211972378
2024-04-01 07:51:01.000,306,0.5,1,0.8597925669097837,0.8597925669097837,0.8597925669097837
2024-04-01 07:51:01.000,130,0.5,1,0.8583990161298589,0.8583990161298589,0.8583990161298589
2024-04-01 07:51:01.000,128,0.5,1,0.8569938920914608,0.8569938920914608,0.8569938920914608
2024-04-01 07:51:01.000,305,0.5,1,0.8555771178611091,0.8555771178611091,0.8555771178611091
2024-04-01 07:51:01.000,305,0.5,1,0.8541486163445533,0.8541486163445533,0.8541486163445533
2024-04-01 07:51:01.000,307,0.5,1,0.8527083102936331,0.8527083102936331,0.8527083102936331
2024-04-01 07:51:01.008,426,0.5,1,0.8512561223132936,0.8512561223132936,0.8512561223132936
2024-04-01 07:51:16.000,307,0.5,1,0.8497919748687576,0.8497919748687576,0.8497919748687576
2024-04-01 07:51:16.000,130,0.6717557251908397,1,0.8483157902928559,0.8483157902928559,0.8483157902928559
2024-04-01 07:51:31.000,307,0.7251908396946565,1,0.846827490793516,0.846827490793516,0.846827490793516
2024-04-01 07:51:31.000,130,0.6946564885496184,1,0.8453269984614123,0.8453269984614123,0.8453269984614123
2024-04-01 07:51:46.000,307,0.6717557251908397,1,0.8438142352777801,0.8438142352777801,0.8438142352777801
2024-04-01 07:51:46.000,130,0.7099236641221374,1,0.8422891231223909,0.8422891231223909,0.8422891231223909
2024-04-01 07:52:01.000,307,0.6946564885496184,1,0.8407515837816947,0.8407515837816947,0.8407515837816947
2024-04-01 07:52:01.000,305,0.7022900763358778,1,0.8392015389571295,0.8392015389571295,0.8392015389571295
2024-04-01 07:52:01.000,130,0.7022900763358778,1,0.8376389102735968,0.8376389102735968,0.8376389102735968
2024-04-01 07:52:01.000,306,0.6106870229007634,1,0.8360636192881093,0.8360636192881093,0.8360636192881093
2024-04-01 07:52:01.000,305,0.5114503816793893,1,0.8344755874986063,0.8344755874986063,0.8344755874986063
2024-04-01 07:52:01.000,128,0.4122137404580153,1,0.8328747363529433,0.8328747363529433,0.8328747363529433
2024-04-01 07:52:01.000,128,0.5877862595419847,1,0.8312609872580545,0.8312609872580545,0.8312609872580545
2024-04-01 07:52:01.000,128,0.6564885496183206,1,0.8296342615892904,0.8296342615892904,0.8296342615892904
2024-04-01 07:52:01.000,128,0.7557251908396947,1,0.8279944806999273,0.8279944806999273,0.8279944806999273
2024-04-01 07:52:01.000,305,0.6564885496183206,1,0.8263415659308608,0.8263415659308608,0.8263415659308608
2024-04-01 07:52:16.000,307,0.5801526717557252,1,0.8246754386204711,0.8246754386204711,0.8246754386204711
2024-04-01 07:52:16.000,130,0.4580152671755725,1,0.8229960201146697,0.8229960201146697,0.8229960201146697
2024-04-01 07:52:27.000,384,0.08396946564885496,1,0.8213032317771278,0.8213032317771278,0.8213032317771278
2024-04-01 07:52:27.000,463,0.816793893129771,1,0.8195969949996832,0.8195969949996832,0.8195969949996832
2024-04-01 07:52:29.000,587,0.8702290076335878,1,0.8178772312129308,0.8178772312129308,0.8178772312129308
2024-04-01 07:52:31.000,307,0.9236641221374046,1,0.8161438618969978,0.8161438618969978,0.8161438618969978
2024-04-01 07:52:31.000,130,0.8549618320610687,1,0.8143968085924993,0.8143968085924993,0.8143968085924993
2024-04-01 07:52:39.000,590,1.0,1,0.8126359929116829,0.8126359929116829,0.8126359929116829
2024-04-01 07:52:39.000,589,0.5,1,0.8108613365497556,0.8108613365497556,0.8108613365497556
2024-04-01 07:52:39.000,588,0.5,1,0.8090727612963996,0.8090727612963996,0.8090727612963996
2024-04-01 07:52:46.000,307,0.5,1,0.8072701890474735,0.8072701890474735,0.8072701890474735
2024-04-01 07:52:46.000,130,0.5,1,0.8054535418169045,0.8054535418169045,0.8054535418169045
2024-04-01 07:52:56.000,426,0.5,1,0.8036227417487635,0.8036227417487635,0.8036227417487635
2024-04-01 07:53:01.000,128,0.5,1,0.8017777111295346,0.8017777111295346,0.8017777111295346
2024-04-01 07:53:01.000,128,0.5,1,0.7999183724005718,0.7999183724005718,0.7999183724005718
2024-04-01 07:53:01.000,128,0.5,1,0.7980446481707453,0.7980446481707453,0.7980446481707453
2024-04-01 07:53:01.000,128,0.5,1,0.7961564612292781,0.7961564612292781,0.7961564612292781
2024-04-01 07:53:01.000,305,0.5,1,0.7942537345587759,0.7942537345587759,0.7942537345587759
2024-04-01 07:53:01.000,306,0.5,1,0.7923363913484425,0.7923363913484425,0.7923363913484425
2024-04-01 07:53:01.000,305,0.5,1,0.7904043550074914,0.7904043550074914,0.7904043550074914
2024-04-01 07:53:01.000,305,0.5,1,0.7884575491787454,0.7884575491787454,0.7884575491787454
2024-04-01 07:53:01.000,307,0.5,1,0.7864958977524296,0.7864958977524296,0.7864958977524296
2024-04-01 07:53:01.000,130,0.5,1,0.7845193248801521,0.7845193248801521,0.784519324880152
2024-04-01 07:53:16.000,130,0.5,1,0.7825277549890793,0.7825277549890793,0.7825277549890793
2024-04-01 07:53:16.000,307,0.5,1,0.7805211127963017,0.7805211127963017,0.7805211127963017
2024-04-01 07:53:31.000,307,0.5,1,0.7784993233233863,0.7784993233233863,0.7784993233233863
2024-04-01 07:53:31.000,130,0.5,1,0.7764623119111246,0.7764623119111246,0.7764623119111246
2024-04-01 07:53:46.000,307,0.5,1,0.7744100042344669,0.7744100042344669,0.7744100042344669
2024-04-01 07:53:46.000,130,0.5,1,0.7723423263176461,0.7723423263176461,0.7723423263176461
2024-04-01 07:54:01.000,130,0.5,1,0.7702592045494929,0.7702592045494929,0.7702592045494929
2024-04-01 07:54:01.000,307,0.5,1,0.7681605656989358,0.7681605656989358,0.7681605656989358
2024-04-01 07:54:01.000,305,0.5,1,0.7660463369306904,0.7660463369306904,0.7660463369306904
2024-04-01 07:54:01.000,306,0.5,1,0.7639164458211329,0.7639164458211329,0.763916445821133
2024-04-01 07:54:01.000,305,0.5,1,0.7617708203743646,0.7617708203743646,0.7617708203743646
2024-04-01 07:54:01.000,128,0.5,1,0.7596093890384517,0.7596093890384517,0.7596093890384517
2024-04-01 07:54:01.000,128,0.5,1,0.7574320807218579,0.7574320807218579,0.7574320807218579
2024-04-01 07:54:01.000,128,0.5,1,0.7552388248100523,0.7552388248100523,0.7552388248100523
2024-04-01 07:54:01.000,128,0.5,1,0.7530295511823022,0.7530295511823022,0.7530295511823022
2024-04-01 07:54:01.000,305,0.4961832061068702,1,0.7508041902286426,0.7508041902286426,0.7508041902286426
2024-04-01 07:54:16.000,307,0.4656488549618321,1,0.7485626728670254,0.7485626728670254,0.7485626728670254
2024-04-01 07:54:16.000,130,0.4427480916030535,1,0.7463049305606425,0.7463049305606425,0.7463049305606425
2024-04-01 07:54:31.000,307,0.4427480916030535,1,0.7440308953354254,0.7440308953354254,0.7440308953354254
2024-04-01 07:54:31.000,130,0.3893129770992366,1,0.7417404997977176,0.7417404997977176,0.7417404997977176
2024-04-01 07:54:46.000,307,0.4351145038167939,1,0.7394336771521137,0.7394336771521137,0.7394336771521137
2024-04-01 07:54:46.000,130,0.4427480916030535,1,0.7371103612194733,0.7371103612194733,0.7371103612194733
2024-04-01 07:55:01.000,305,0.4732824427480916,1,0.7347704864550945,0.7347704864550945,0.7347704864550945
2024-04-01 07:55:01.000,305,0.4732824427480916,1,0.7324139879670568,0.7324139879670568,0.7324139879670568
2024-04-01 07:55:01.000,306,0.4580152671755725,1,0.7300408015347226,0.7300408015347226,0.7300408015347226
2024-04-01 07:55:01.000,305,0.4580152671755725,1,0.7276508636273971,0.7276508636273971,0.7276508636273971
2024-04-01 07:55:01.000,128,0.4885496183206106,1,0.7252441114231482,0.7252441114231482,0.7252441114231482
2024-04-01 07:55:01.000,128,0.4656488549618321,1,0.7228204828277762,0.7228204828277762,0.7228204828277762
2024-04-01 07:55:01.000,128,0.4656488549618321,1,0.7203799164939347,0.7203799164939347,0.7203799164939347
2024-04-01 07:55:01.000,128,0.4274809160305344,1,0.7179223518404014,0.7179223518404014,0.7179223518404014
2024-04-01 07:55:02.000,130,0.4351145038167939,1,0.7154477290714917,0.7154477290714917,0.7154477290714917
2024-04-01 07:55:02.000,307,0.4122137404580153,1,0.7129559891966116,0.7129559891966116,0.7129559891966116
2024-04-01 07:55:17.000,307,0.4656488549618321,1,0.7104470740499522,0.7104470740499522,0.7104470740499522
2024-04-01 07:55:17.000,130,0.4580152671755725,1,0.7079209263103162,0.7079209263103162,0.7079209263103162
2024-04-01 07:55:17.008,277,0.4198473282442748,1,0.7053774895210728,0.7053774895210728,0.7053774895210728
2024-04-01 07:55:32.000,307,0.5801526717557252,1,0.7028167081102454,0.7028167081102454,0.7028167081102454
2024-04-01 07:55:32.000,130,0.5801526717557252,1,0.7002385274107128,0.7002385274107128,0.7002385274107128
2024-04-01 07:55:47.000,307,0.6335877862595419,1,0.6976428936805389,0.6976428936805389,0.6976428936805389
2024-04-01 07:55:47.000,130,0.6412213740458015,1,0.6950297541234091,0.6950297541234091,0.6950297541234091
2024-04-01 07:56:01.000,130,0.6335877862595419,1,0.6923990569091812,0.6923990569091812,0.6923990569091812
2024-04-01 07:56:01.000,307,0.6259541984732825,1,0.6897507511945385,0.6897507511945385,0.6897507511945385
2024-04-01 07:56:01.000,306,0.5419847328244275,1,0.6870847871437471,0.6870847871437471,0.6870847871437471
2024-04-01 07:56:01.000,305,0.5954198473282443,1,0.6844011159495066,0.6844011159495066,0.6844011159495066
2024-04-01 07:56:01.000,305,0.5877862595419847,1,0.6816996898538931,0.6816996898538931,0.6816996898538931
2024-04-01 07:56:01.000,305,0.6793893129770993,1,0.6789804621693881,0.6789804621693881,0.6789804621693881
2024-04-01 07:56:01.000,128,0.5114503816793893,1,0.676243387299988,0.676243387299988,0.676243387299988
2024-04-01 07:56:01.000,128,0.4351145038167939,1,0.6734884207623907,0.6734884207623907,0.6734884207623907
2024-04-01 07:56:01.000,128,0.3740458015267176,1,0.6707155192072481,0.6707155192072481,0.6707155192072481
2024-04-01 07:56:01.000,128,0.5038167938931297,1,0.6679246404404884,0.6679246404404884,0.6679246404404884
2024-04-01 07:56:16.000,307,0.5267175572519084,1,0.6651157434446924,0.6651157434446924,0.6651157434446924
2024-04-01 07:56:16.000,130,0.5954198473282443,1,0.6622887884005266,0.6622887884005266,0.6622887884005266
2024-04-01 07:56:31.000,307,0.4732824427480916,1,0.6594437367082182,0.6594437367082182,0.6594437367082182
2024-04-01 07:56:31.000,130,0.36641221374045796,1,0.6565805510090749,0.6565805510090749,0.6565805510090749
2024-04-01 07:56:40.000,384,0.5648854961832062,1,0.6536991952070363,0.6536991952070363,0.6536991952070363
2024-04-01 07:56:40.000,463,0.6946564885496184,1,0.6507996344902537,0.6507996344902537,0.6507996344902537
2024-04-01 07:56:42.000,587,0.8015267175572519,1,0.6478818353526897,0.6478818353526897,0.6478818353526897
2024-04-01 07:56:46.000,130,0.816793893129771,1,0.6449457656157344,0.6449457656157344,0.6449457656157344
2024-04-01 07:56:46.000,307,0.7709923664122137,1,0.6419913944498271,0.6419913944498271,0.6419913944498271
2024-04-01 07:56:52.000,588,0.8549618320610687,1,0.6390186923960768,0.6390186923960768,0.6390186923960768
2024-04-01 07:56:53.000,590,0.8854961832061069,1,0.6360276313878791,0.6360276313878791,0.6360276313878791
2024-04-01 07:56:53.000,589,0.9847328244274808,1,0.6330181847725169,0.6330181847725169,0.6330181847725169
2024-04-01 07:57:01.000,128,0.9770992366412212,1,0.6299903273327387,0.6299903273327387,0.6299903273327387
2024-04-01 07:57:01.000,128,0.9694656488549618,1,0.6269440353083087,0.6269440353083087,0.6269440353083087
2024-04-01 07:57:01.000,128,0.9618320610687024,1,0.6238792864175193,0.6238792864175193,0.6238792864175193
2024-04-01 07:57:01.000,128,0.916030534351145,1,0.6207960598786588,0.6207960598786588,0.6207960598786588
2024-04-01 07:57:01.000,305,0.8931297709923665,1,0.6176943364314254,0.6176943364314254,0.6176943364314254
2024-04-01 07:57:01.000,305,0.8549618320610687,1,0.6145740983582805,0.6145740983582805,0.6145740983582805
2024-04-01 07:57:01.000,306,0.8396946564885496,1,0.611435329505734,0.611435329505734,0.611435329505734
2024-04-01 07:57:01.000,305,0.8625954198473282,1,0.6082780153055496,0.6082780153055496,0.6082780153055496
2024-04-01 07:57:01.000,307,0.8244274809160306,1,0.6051021427958642,0.6051021427958642,0.6051021427958642
2024-04-01 07:57:01.000,130,0.8702290076335878,1,0.6019077006422143,0.6019077006422143,0.6019077006422143
2024-04-01 07:57:16.000,307,0.8091603053435115,1,0.5986946791584568,0.5986946791584568,0.5986946791584568
2024-04-01 07:57:16.000,130,0.8549618320610687,1,0.5954630703275778,0.5954630703275778,0.5954630703275778
2024-04-01 07:57:31.000,130,0.9465648854961832,1,0.5922128678223811,0.5922128678223811,0.5922128678223811
2024-04-01 07:57:31.000,307,0.7557251908396947,1,0.588944067026044,0.588944067026044,0.588944067026044
2024-04-01 07:57:46.000,307,0.7557251908396947,1,0.5856566650525358,0.5856566650525358,0.5856566650525358
2024-04-01 07:57:46.000,130,0.7709923664122137,1,0.5823506607668854,0.5823506607668854,0.5823506607668854
2024-04-01 07:58:01.000,128,0.7022900763358778,1,0.5790260548052911,0.5790260548052911,0.5790260548052911
2024-04-01 07:58:01.000,128,0.648854961832061,1,0.5756828495950647,0.5756828495950647,0.5756828495950647
2024-04-01 07:58:01.000,128,0.2595419847328244,1,0.5723210493743932,0.5723210493743932,0.5723210493743932
2024-04-01 07:58:01.000,306,0.2519083969465649,1,0.5689406602119191,0.5689406602119191,0.5689406602119191
2024-04-01 07:58:01.000,128,0.3053435114503817,1,0.5655416900261202,0.5655416900261202,0.5655416900261202
2024-04-01 07:58:01.000,305,0.3282442748091603,1,0.5621241486044827,0.5621241486044827,0.5621241486044827
2024-04-01 07:58:01.000,305,0.2900763358778626,1,0.558688047622462,0.558688047622462,0.558688047622462
2024-04-01 07:58:01.000,305,0.2366412213740458,1,0.5552334006622099,0.5552334006622099,0.5552334006622099
2024-04-01 07:58:01.000,307,0.22137404580152675,1,0.5517602232310732,0.5517602232310732,0.5517602232310732
2024-04-01 07:58:01.000,130,0.33587786259541985,1,0.5482685327798387,0.5482685327798387,0.5482685327798387
2024-04-01 07:58:16.000,307,0.4045801526717557,1,0.5447583487207254,0.5447583487207254,0.5447583487207254
2024-04-01 07:58:16.000,130,0.3435114503816794,1,0.5412296924451095,0.5412296924451095,0.5412296924451095
2024-04-01 07:58:31.000,130,0.3511450381679389,1,0.5376825873409709,0.5376825873409709,0.5376825873409709
2024-04-01 07:58:31.000,307,0.450381679389313,1,0.5341170588100509,0.5341170588100509,0.5341170588100509
2024-04-01 07:58:46.000,307,0.4656488549618321,1,0.5305331342847182,0.5305331342847182,0.5305331342847182
2024-04-01 07:58:46.000,130,0.4045801526717557,1,0.5269308432445167,0.5269308432445167,0.5269308432445167
2024-04-01 07:59:01.000,130,0.4961832061068702,1,0.5233102172324042,0.5233102172324042,0.5233102172324042
2024-04-01 07:59:01.000,305,0.4809160305343512,1,0.5196712898706575,0.5196712898706575,0.5196712898706575
2024-04-01 07:59:01.000,305,0.3435114503816794,1,0.5160140968764371,0.5160140968764371,0.5160140968764371
2024-04-01 07:59:01.000,306,0.4045801526717557,1,0.5123386760770049,0.5123386760770049,0.5123386760770049
2024-04-01 07:59:01.000,307,0.4274809160305344,1,0.5086450674245809,0.5086450674245809,0.508645067424581
2024-04-01 07:59:01.000,128,0.5038167938931297,1,0.5049333130108283,0.5049333130108283,0.5049333130108283
2024-04-01 07:59:01.000,128,0.4351145038167939,1,0.501203457080957,0.501203457080957,0.501203457080957
2024-04-01 07:59:01.000,128,0.5419847328244275,1,0.4974555460474378,0.4974555460474378,0.4974555460474378
2024-04-01 07:59:01.000,128,0.4198473282442748,1,0.4936896285033143,0.4936896285033143,0.4936896285033143
2024-04-01 07:59:01.000,305,0.33587786259541985,1,0.4899057552351009,0.4899057552351009,0.4899057552351009
2024-04-01 07:59:06.000,426,0.5801526717557252,1,0.4861039792352598,0.4861039792352598,0.48610397923525983
2024-04-01 07:59:16.000,307,0.5877862595419847,1,0.4822843557142461,0.4822843557142461,0.48228435571424605
2024-04-01 07:59:16.000,130,0.5648854961832062,1,0.4784469421121082,0.4784469421121082,0.47844694211210825
2024-04-01 07:59:31.000,307,0.5648854961832062,1,0.4745917981096381,0.4745917981096381,0.4745917981096381
2024-04-01 07:59:31.000,130,0.4961832061068702,1,0.4707189856390553,0.4707189856390553,0.4707189856390553
2024-04-01 07:59:31.000,594,0.6641221374045801,1,0.4668285688942201,0.4668285688942201,0.4668285688942201
2024-04-01 07:59:42.000,598,0.7328244274809159,1,0.4629206143403649,0.4629206143403649,0.46292061434036486
2024-04-01 07:59:46.000,130,0.7404580152671756,1,0.4589951907233307,0.4589951907233307,0.4589951907233307
2024-04-01 07:59:46.000,307,0.7175572519083969,1,0.4550523690783039,0.4550523690783039,0.4550523690783039
2024-04-01 08:00:01.000,307,0.6870229007633588,1,0.4510922227380375,0.4510922227380375,0.45109222273803745
2024-04-01 08:00:01.000,305,0.6870229007633588,1,0.4471148273405562,0.4471148273405562,0.4471148273405562
2024-04-01 08:00:01.000,130,0.6870229007633588,1,0.4431202608363277,0.4431202608363277,0.44312026083632766
2024-04-01 08:00:01.000,305,0.6870229007633588,1,0.4391086034948942,0.4391086034948942,0.4391086034948942
2024-04-01 08:00:01.000,306,0.7175572519083969,1,0.4350799379109565,0.4350799379109565,0.4350799379109565
2024-04-01 08:00:01.000,128,0.6641221374045801,1,0.4310343490099001,0.4310343490099001,0.4310343490099001
2024-04-01 08:00:01.000,128,0.6641221374045801,1,0.42697192405275375,0.42697192405275375,0.42697192405275375
2024-04-01 08:00:01.000,128,0.7099236641221374,1,0.4228927526405744,0.4228927526405744,0.42289275264057435
2024-04-01 08:00:01.000,128,0.7557251908396947,1,0.4187969267182484,0.4187969267182484,0.41879692671824836
2024-04-01 08:00:01.000,305,0.7557251908396947,1,0.41468454057770027,0.41468454057770027,0.41468454057770027
2024-04-01 08:00:16.000,307,0.6870229007633588,1,0.4105556908605029,0.4105556908605029,0.41055569086050286
2024-04-01 08:00:16.000,130,0.7175572519083969,1,0.4064104765598783,0.4064104765598783,0.40641047655987833
2024-04-01 08:00:30.999,307,0.6793893129770993,1,0.4022489990220867,0.4022489990220867,0.4022489990220867
2024-04-01 08:00:31.000,130,0.6870229007633588,1,0.3980713619471888,0.3980713619471888,0.3980713619471888
2024-04-01 08:00:31.009,560,0.816793893129771,1,0.3938776713891816,0.3938776713891816,0.3938776713891816
2024-04-01 08:00:31.010,561,0.7557251908396947,1,0.3896680357554951,0.3896680357554951,0.38966803575549513
2024-04-01 08:00:31.011,562,0.7709923664122137,1,0.3854425658058477,0.3854425658058477,0.3854425658058477
2024-04-01 08:00:31.012,563,0.8625954198473282,1,0.38120137465044895,0.38120137465044895,0.38120137465044895
2024-04-01 08:00:31.013,311,0.8625954198473282,1,0.3769445777475486,0.3769445777475486,0.3769445777475486
2024-04-01 08:00:31.014,405,0.8778625954198473,1,0.37267229290032144,0.37267229290032144,0.37267229290032144
2024-04-01 08:00:31.015,405,0.8854961832061069,1,0.3683846402530859,0.3683846402530859,0.3683846402530859
2024-04-01 08:00:31.016,311,0.8625954198473282,1,0.3640817422868466,0.3640817422868466,0.3640817422868466
2024-04-01 08:00:31.017,564,0.9618320610687024,1,0.359763723814162,0.359763723814162,0.359763723814162
2024-04-01 08:00:31.018,390,0.9694656488549618,1,0.35543071197332576,0.35543071197332576,0.35543071197332576
2024-04-01 08:00:31.019,564,1.0,1,0.35108283622185976,0.35108283622185976,0.35108283622185976
2024-04-01 08:00:31.020,388,0.5,1,0.3467202283293187,0.3467202283293187,0.3467202283293187
2024-04-01 08:00:31.021,565,0.5,1,0.342343022369392,0.342343022369392,0.34234302236939196
2024-04-01 08:00:31.022,566,0.5,1,0.3379513547113128,0.3379513547113128,0.33795135471131277
2024-04-01 08:00:31.023,388,0.5,1,0.33354536401055823,0.33354536401055823,0.33354536401055823
2024-04-01 08:00:31.024,311,0.5,1,0.3291251911988458,0.3291251911988458,0.3291251911988458
2024-04-01 08:00:31.025,388,0.5,1,0.3246909794734218,0.3246909794734218,0.3246909794734218
2024-04-01 08:00:31.026,388,0.5,1,0.3202428742856346,0.3202428742856346,0.3202428742856346
2024-04-01 08:00:31.027,398,0.5,1,0.3157810233288001,0.3157810233288001,0.3157810233288001
2024-04-01 08:00:31.028,311,0.5,1,0.3113055765253465,0.3113055765253465,0.31130557652534646
2024-04-01 08:00:31.029,567,0.5,1,0.30681668601324785,0.30681668601324785,0.30681668601324785
2024-04-01 08:00:31.030,400,0.5,1,0.30231450613173816,0.30231450613173816,0.30231450613173816
2024-04-01 08:00:31.031,401,0.5,1,0.2977991934063063,0.2977991934063063,0.2977991934063063
2024-04-01 08:00:31.032,402,0.5,1,0.2932709065329775,0.2932709065329775,0.2932709065329775
2024-04-01 08:00:31.033,403,0.5,1,0.2887298063618717,0.2887298063618717,0.2887298063618717
2024-04-01 08:00:31.034,404,0.5,1,0.28417605588004946,0.28417605588004946,0.28417605588004946
2024-04-01 08:00:31.035,568,0.5,1,0.27960982019363995,0.27960982019363995,0.27960982019363995
2024-04-01 08:00:35.000,199,0.5,1,0.2750312665092526,0.2750312665092526,0.2750312665092526
2024-04-01 08:00:35.000,341,0.5,1,0.2704405641146783,0.2704405641146783,0.2704405641146783
2024-04-01 08:00:35.000,143,0.5,1,0.26583788435887745,0.26583788435887745,0.26583788435887745
2024-04-01 08:00:35.000,144,0.5,1,0.2612234006312614,0.2612234006312614,0.2612234006312614
2024-04-01 08:00:35.009,560,0.5,1,0.2565972883402659,0.2565972883402659,0.2565972883402659
2024-04-01 08:00:35.010,561,0.5,1,0.25195972489122553,0.25195972489122553,0.25195972489122553
2024-04-01 08:00:35.011,562,0.5,1,0.24731088966354586,0.24731088966354586,0.24731088966354584
2024-04-01 08:00:35.012,563,0.5,1,0.2426509639871835,0.2426509639871835,0.2426509639871835
2024-04-01 08:00:35.013,311,0.5,1,0.2379801311184357,0.2379801311184357,0.23798013111843566
2024-04-01 08:00:35.014,405,0.5,1,0.2332985762150433,0.2332985762150433,0.2332985762150433
2024-04-01 08:00:35.015,405,0.5,1,0.2286064863106169,0.2286064863106169,0.22860648631061686
2024-04-01 08:00:35.016,311,0.5,1,0.2239040502883847,0.2239040502883847,0.2239040502883847
2024-04-01 08:00:35.017,564,0.5,1,0.2191914588542765,0.21919145885427652,0.21919145885427654
2024-04-01 08:00:35.018,390,0.5,1,0.2144689045093428,0.2144689045093428,0.2144689045093428
2024-04-01 08:00:35.019,564,0.5496183206106869,1,0.20973658152152044,0.20973658152152044,0.20973658152152044
2024-04-01 08:00:35.020,388,0.5496183206106869,1,0.20499468589675146,0.20499468589675146,0.20499468589675146
2024-04-01 08:00:35.021,565,0.5572519083969466,1,0.2002434153494611,0.2002434153494611,0.2002434153494611
2024-04-01 08:00:35.022,566,0.5572519083969466,1,0.19548296927240427,0.19548296927240427,0.19548296927240427
2024-04-01 08:00:35.023,388,0.4809160305343512,1,0.19071354870589002,0.19071354870589,0.19071354870589002
2024-04-01 08:00:35.024,311,0.4656488549618321,1,0.1859353563063888,0.1859353563063888,0.18593535630638877
2024-04-01 08:00:35.025,388,0.4427480916030535,1,0.1811485963145384,0.1811485963145384,0.18114859631453836
2024-04-01 08:00:35.026,388,0.3740458015267176,1,0.17635347452255135,0.17635347452255135,0.17635347452255137
2024-04-01 08:00:35.027,398,0.03053435114503817,1,0.17155019824103745,0.17155019824103745,0.17155019824103743
2024-04-01 08:00:35.028,311,0.1297709923664122,1,0.16673897626525186,0.16673897626525186,0.16673897626525186
2024-04-01 08:00:35.029,567,0.18320610687022892,1,0.16192001884077814,0.16192001884077814,0.16192001884077814
2024-04-01 08:00:35.030,400,0.20610687022900764,1,0.15709353762865785,0.15709353762865785,0.15709353762865783
2024-04-01 08:00:35.031,401,0.03816793893129771,1,0.1522597456699782,0.1522597456699782,0.15225974566997819
2024-04-01 08:00:35.032,402,0.03053435114503817,1,0.14741885734992988,0.14741885734992988,0.14741885734992988
2024-04-01 08:00:35.033,403,0.053435114503816786,1,0.14257108836134602,0.14257108836134602,0.14257108836134602
2024-04-01 08:00:35.034,404,0.07633587786259542,1,0.13771665566773705,0.13771665566773705,0.13771665566773705
2024-04-01 08:00:35.035,568,0.0,1,0.1328557774658308,0.1328557774658308,0.1328557774658308
2024-04-01 08:00:44.000,144,0.16793893129770993,1,0.12798867314763496,0.12798867314763496,0.12798867314763496
2024-04-01 08:00:44.000,143,0.32061068702290074,1,0.12311556326203175,0.12311556326203175,0.12311556326203175
2024-04-01 08:00:44.000,342,0.2748091603053435,1,0.11823666947592147,0.11823666947592147,0.11823666947592149
2024-04-01 08:00:44.000,342,0.267175572519084,1,0.11335221453492605,0.11335221453492605,0.11335221453492603
2024-04-01 08:00:44.000,341,0.1297709923664122,1,0.10846242222367043,0.10846242222367043,0.10846242222367043
2024-04-01 08:00:44.000,199,0.1068702290076336,1,0.10356751732565336,0.10356751732565336,0.10356751732565336
2024-04-01 08:00:46.000,130,0.2824427480916031,1,0.0986677255827236,0.0986677255827236,0.0986677255827236
2024-04-01 08:00:46.000,307,0.267175572519084,1,0.0937632736541776,0.0937632736541776,0.09376327365417761
2024-04-01 08:00:52.000,144,0.3587786259541985,1,0.08885438907549267,0.08885438907549267,0.08885438907549267
2024-04-01 08:00:52.000,143,0.4122137404580153,1,0.08394130021671113,0.08394130021671113,0.08394130021671113
2024-04-01 08:00:52.000,342,0.4198473282442748,1,0.07902423624049441,0.07902423624049441,0.07902423624049441
2024-04-01 08:00:52.000,342,0.4122137404580153,1,0.07410342705985844,0.07410342705985844,0.07410342705985844
2024-04-01 08:00:52.000,341,0.2977099236641221,1,0.06917910329561107,0.06917910329561107,0.06917910329561108
2024-04-01 08:00:52.000,199,0.3282442748091603,1,0.06425149623350437,0.06425149623350437,0.06425149623350437
2024-04-01 08:00:59.000,696,0.6106870229007634,1,0.059320837781122585,0.059320837781122585,0.05932083778112259
2024-04-01 08:01:01.000,305,0.648854961832061,1,0.05438736042451847,0.054387360424518465,0.05438736042451846
2024-04-01 08:01:01.000,305,0.648854961832061,1,0.04945129718461802,0.04945129718461802,0.049451297184618014
2024-04-01 08:01:01.000,306,0.6717557251908397,1,0.04451288157341008,0.04451288157341008,0.044512881573410074
2024-04-01 08:01:01.000,305,0.5114503816793893,1,0.0395723475499372,0.0395723475499372,0.0395723475499372
2024-04-01 08:01:01.000,307,0.5114503816793893,1,0.034629929476108434,0.034629929476108434,0.03462992947610844
2024-04-01 08:01:01.000,128,0.5038167938931297,1,0.029685862072345286,0.029685862072345286,0.02968586207234529
2024-04-01 08:01:01.000,128,0.5190839694656488,1,0.02474038037308833,0.02474038037308833,0.024740380373088334
2024-04-01 08:01:01.000,128,0.5114503816793893,1,0.019793719682171567,0.01979371968217157,0.019793719682171574
2024-04-01 08:01:01.000,128,0.5343511450381679,1,0.014846115528092313,0.014846115528092313,0.014846115528092313
2024-04-01 08:01:01.000,130,0.5648854961832062,1,0.009897803619185843,0.009897803619185843,0.009897803619185843
2025-01-01 12:12:12.000,0,0.6030534351145038,1,0.004949019798731283,0.004949019798731283,0.004949019798731283
