timestamp,value,anomaly_score,raw_score,label,S(t)_standard,S(t)_reward_low_FP_rate,S(t)_reward_low_FN_rate
2024-02-09 08:11:12,176,0.030102999665900007,1.0,0,-0.11,-0.22,-0.11
2024-02-09 08:11:12,201,0.030102999665900007,1.0,0,-0.11,-0.22,-0.11
2024-02-09 08:12:12,199,0.030102999665900007,1.0,0,-0.11,-0.22,-0.11
2024-02-09 08:12:12,341,1.0,0.975000023842,0,-0.11,-0.22,-0.11
2024-02-09 08:12:12,143,1.0,1.0,0,-0.11,-0.22,-0.11
2024-02-09 08:12:12,144,0.030102999665900007,1.0,0,-0.11,-0.22,-0.11
2024-02-09 08:12:36,257,0.030102999665900007,0.949999988079,0,-0.11,-0.22,-0.11
2024-02-09 08:12:36,598,1.0,0.975000023842,0,-0.11,-0.22,-0.11
2024-02-09 08:12:36,598,0.030102999665900007,1.0,0,-0.11,-0.22,-0.11
2024-02-09 08:12:36,272,0.030102999665900007,1.0,0,-0.11,-0.22,-0.11
2024-02-09 08:12:36,273,0.030102999665900007,0.925000011921,0,-0.11,-0.22,-0.11
2024-02-09 08:12:36,196,0.030102999665900007,0.925000011921,0,-0.11,-0.22,-0.11
2024-02-09 08:12:36,274,0.030102999665900007,0.449999988079,0,-0.11,-0.22,-0.11
2024-02-09 08:12:42,205,0.030102999665900007,0.10000000149,0,-0.11,-0.22,-0.11
2024-02-09 08:12:42,204,0.030102999665900007,0.0250000003725,0,-0.11,-0.22,-0.11
2024-02-09 08:12:42,201,0.030102999665900007,0.0250000003725,0,-0.11,-0.22,-0.11
2024-02-09 08:12:42,197,0.030102999665900007,0.0,0,-0.11,-0.22,-0.11
2024-02-09 08:12:42,203,0.030102999665900007,0.0,0,-0.11,-0.22,-0.11
2024-02-09 08:12:42,143,0.030102999665900007,0.375,0,-0.11,-0.22,-0.11
2024-02-09 08:12:42,143,0.030102999665900007,0.0500000007451,0,-0.11,-0.22,-0.11
2024-02-09 08:12:42,145,0.030102999665900007,0.0500000007451,0,-0.11,-0.22,-0.11
2024-02-09 08:12:42,144,0.030102999665900007,0.0,0,-0.11,-0.22,-0.11
2024-02-09 08:12:42,143,0.030102999665900007,0.0,0,-0.11,-0.22,-0.11
2024-02-09 08:12:42,143,0.030102999665900007,0.0,0,-0.11,-0.22,-0.11
2024-02-09 08:12:44,201,0.030102999665900007,0.22499999403999998,0,-0.11,-0.22,-0.11
2024-02-09 08:12:46,257,0.030102999665900007,0.10000000149,0,-0.11,-0.22,-0.11
2024-02-09 08:12:46,452,0.030102999665900007,0.75,0,-0.11,-0.22,-0.11
2024-02-09 08:12:46,435,0.030102999665900007,1.0,0,-0.11,-0.22,-0.11
2024-02-09 08:12:46,257,0.030102999665900007,1.0,0,-0.11,-0.22,-0.11
2024-02-09 08:12:46,454,0.030102999665900007,0.0,0,-0.11,-0.22,-0.11
2024-02-09 08:12:46,257,0.030102999665900007,0.5,0,-0.11,-0.22,-0.11
2024-02-09 08:12:46,455,0.030102999665900007,0.0,0,-0.11,-0.22,-0.11
2024-02-09 08:12:46,456,0.030102999665900007,0.27500000596,0,-0.11,-0.22,-0.11
2024-02-09 08:12:46,257,0.030102999665900007,0.0250000003725,0,-0.11,-0.22,-0.11
2024-02-09 08:12:46,257,0.030102999665900007,0.300000011921,0,-0.11,-0.22,-0.11
2024-02-09 08:12:46,451,0.030102999665900007,0.0500000007451,0,-0.11,-0.22,-0.11
2024-02-09 08:12:46,257,0.030102999665900007,0.0,0,-0.11,-0.22,-0.11
2024-02-09 08:12:46,450,0.030102999665900007,0.0,0,-0.11,-0.22,-0.11
2024-02-09 08:12:46,352,0.030102999665900007,0.40000000596,0,-0.11,-0.22,-0.11
2024-02-09 08:12:46,449,0.030102999665900007,0.774999976158,0,-0.11,-0.22,-0.11
2024-02-09 08:12:46,257,0.030102999665900007,0.0,0,-0.11,-0.22,-0.11
2024-02-09 08:12:46,448,0.030102999665900007,0.0,0,-0.11,-0.22,-0.11
2024-02-09 08:12:46,257,0.030102999665900007,0.0,0,-0.11,-0.22,-0.11
2024-02-09 08:12:46,447,0.030102999665900007,0.0,0,-0.11,-0.22,-0.11
2024-02-09 08:12:46,257,0.030102999665900007,0.0,0,-0.11,-0.22,-0.11
2024-02-09 08:12:46,353,0.030102999665900007,0.22499999403999998,0,-0.11,-0.22,-0.11
2024-02-09 08:12:46,353,0.030102999665900007,0.524999976158,0,-0.11,-0.22,-0.11
2024-02-09 08:12:46,353,0.030102999665900007,0.47499999404,0,-0.11,-0.22,-0.11
2024-02-09 08:12:46,266,0.030102999665900007,0.375,0,-0.11,-0.22,-0.11
2024-02-09 08:12:46,457,0.030102999665900007,0.0,0,-0.11,-0.22,-0.11
2024-02-09 08:12:46,446,0.030102999665900007,0.0,0,-0.11,-0.22,-0.11
2024-02-09 08:12:46,257,0.030102999665900007,0.0,0,-0.11,-0.22,-0.11
2024-02-09 08:12:46,458,0.030102999665900007,0.0,0,-0.11,-0.22,-0.11
2024-02-09 08:12:46,443,0.030102999665900007,0.0,0,-0.11,-0.22,-0.11
2024-02-09 08:13:10,144,0.030102999665900007,0.40000000596,0,-0.11,-0.22,-0.11
2024-02-09 08:13:10,143,0.030102999665900007,0.0250000003725,0,-0.11,-0.22,-0.11
2024-02-09 08:13:10,341,0.030102999665900007,0.34999999404,0,-0.11,-0.22,-0.11
2024-02-09 08:13:10,199,0.030102999665900007,0.20000000298,0,-0.11,-0.22,-0.11
2024-02-09 08:13:40,203,0.030102999665900007,0.0,0,-0.11,-0.22,-0.11
2024-02-09 08:13:40,201,0.030102999665900007,0.0250000003725,0,-0.11,-0.22,-0.11
2024-02-09 08:13:40,197,0.030102999665900007,0.0,0,-0.11,-0.22,-0.11
2024-02-09 08:13:40,205,0.030102999665900007,0.0750000029802,0,-0.11,-0.22,-0.11
2024-02-09 08:13:40,204,0.030102999665900007,0.0,0,-0.11,-0.22,-0.11
2024-02-09 08:13:40,143,0.030102999665900007,0.300000011921,0,-0.11,-0.22,-0.11
2024-02-09 08:13:40,143,0.030102999665900007,0.0,0,-0.11,-0.22,-0.11
2024-02-09 08:13:40,145,0.030102999665900007,0.0250000003725,0,-0.11,-0.22,-0.11
2024-02-09 08:13:40,144,0.030102999665900007,0.0,0,-0.11,-0.22,-0.11
2024-02-09 08:13:40,143,0.030102999665900007,0.0500000007451,0,-0.11,-0.22,-0.11
2024-02-09 08:13:40,143,0.030102999665900007,0.0,0,-0.11,-0.22,-0.11
2024-02-09 08:13:42,201,0.030102999665900007,0.0,0,-0.11,-0.22,-0.11
2024-02-09 08:13:49,434,0.030102999665900007,0.20000000298,0,-0.11,-0.22,-0.11
2024-02-09 08:13:49,195,0.030102999665900007,0.22499999403999998,0,-0.11,-0.22,-0.11
2024-02-09 08:13:49,189,0.030102999665900007,0.0250000003725,0,-0.11,-0.22,-0.11
2024-02-09 08:13:49,433,0.030102999665900007,0.0,0,-0.11,-0.22,-0.11
2024-02-09 08:13:49,212,0.030102999665900007,0.0500000007451,0,-0.11,-0.22,-0.11
2024-02-09 08:13:49,245,0.030102999665900007,0.0500000007451,0,-0.11,-0.22,-0.11
2024-02-09 08:13:49,443,0.030102999665900007,0.0,0,-0.11,-0.22,-0.11
2024-02-09 08:13:49,444,0.030102999665900007,0.0,0,-0.11,-0.22,-0.11
2024-02-09 08:13:49,445,0.030102999665900007,0.0,0,-0.11,-0.22,-0.11
2024-02-09 08:13:49,435,0.030102999665900007,0.0,0,-0.11,-0.22,-0.11
2024-02-09 08:13:49,440,0.030102999665900007,0.0,0,-0.11,-0.22,-0.11
2024-02-09 08:13:49,439,0.030102999665900007,0.0,0,-0.11,-0.22,-0.11
2024-02-09 08:13:49,438,0.030102999665900007,0.0,0,-0.11,-0.22,-0.11
2024-02-09 08:13:49,437,0.030102999665900007,0.0,0,-0.11,-0.22,-0.11
2024-02-09 08:13:49,442,0.030102999665900007,0.0,0,-0.11,-0.22,-0.11
2024-02-09 08:13:49,436,0.030102999665900007,0.0,0,-0.11,-0.22,-0.11
2024-02-09 08:13:49,432,0.030102999665900007,0.0,0,-0.11,-0.22,-0.11
2024-02-09 08:13:49,431,0.030102999665900007,0.0,0,-0.11,-0.22,-0.11
2024-02-09 08:13:49,256,0.030102999665900007,0.0,0,-0.11,-0.22,-0.11
2024-02-09 08:13:49,435,0.030102999665900007,0.125,0,-0.11,-0.22,-0.11
2024-02-09 08:13:49,435,0.030102999665900007,0.0,0,-0.11,-0.22,-0.11
2024-02-09 08:13:50,257,0.030102999665900007,0.0,0,-0.11,-0.22,-0.11
2024-02-09 08:13:50,272,0.030102999665900007,0.0250000003725,0,-0.11,-0.22,-0.11
2024-02-09 08:13:50,273,0.030102999665900007,0.0,0,-0.11,-0.22,-0.11
2024-02-09 08:13:50,196,0.030102999665900007,0.0750000029802,0,-0.11,-0.22,-0.11
2024-02-09 08:13:50,274,0.030102999665900007,0.0250000003725,0,-0.11,-0.22,-0.11
2024-02-09 08:13:50,622,1.0,0.300000011921,0,-0.11,-0.22,-0.11
2024-02-09 08:13:57,143,0.030102999665900007,0.925000011921,0,-0.11,-0.22,-0.11
2024-02-09 08:13:57,341,0.030102999665900007,0.10000000149,0,-0.11,-0.22,-0.11
2024-02-09 08:13:57,144,0.030102999665900007,0.5,0,-0.11,-0.22,-0.11
2024-02-09 08:13:57,199,0.030102999665900007,0.0,0,-0.11,-0.22,-0.11
2024-02-09 08:14:00,257,0.030102999665900007,0.0250000003725,0,-0.11,-0.22,-0.11
2024-02-09 08:14:00,457,0.030102999665900007,0.0,0,-0.11,-0.22,-0.11
2024-02-09 08:14:00,456,0.030102999665900007,0.0,0,-0.11,-0.22,-0.11
2024-02-09 08:14:00,455,0.030102999665900007,0.0,0,-0.11,-0.22,-0.11
2024-02-09 08:14:00,458,0.030102999665900007,0.0,0,-0.11,-0.22,-0.11
2024-02-09 08:14:00,257,0.030102999665900007,0.0500000007451,0,-0.11,-0.22,-0.11
2024-02-09 08:14:00,257,0.030102999665900007,0.0,0,-0.11,-0.22,-0.11
2024-02-09 08:14:00,447,0.030102999665900007,0.0,0,-0.11,-0.22,-0.11
2024-02-09 08:14:00,448,0.030102999665900007,0.0,0,-0.11,-0.22,-0.11
2024-02-09 08:14:00,257,0.030102999665900007,0.5,0,-0.11,-0.22,-0.11
2024-02-09 08:14:00,449,0.030102999665900007,0.0,0,-0.11,-0.22,-0.11
2024-02-09 08:14:00,257,0.030102999665900007,0.17499999702,0,-0.11,-0.22,-0.11
2024-02-09 08:14:00,450,0.030102999665900007,0.0,0,-0.11,-0.22,-0.11
2024-02-09 08:14:00,257,0.030102999665900007,0.17499999702,0,-0.11,-0.22,-0.11
2024-02-09 08:14:00,353,0.030102999665900007,0.0,0,-0.11,-0.22,-0.11
2024-02-09 08:14:00,353,0.030102999665900007,0.10000000149,0,-0.11,-0.22,-0.11
2024-02-09 08:14:00,257,0.030102999665900007,0.0,0,-0.11,-0.22,-0.11
2024-02-09 08:14:00,257,0.030102999665900007,0.0,0,-0.11,-0.22,-0.11
2024-02-09 08:14:00,257,0.030102999665900007,0.0,0,-0.11,-0.22,-0.11
2024-02-09 08:14:00,266,0.030102999665900007,0.0,0,-0.11,-0.22,-0.11
2024-02-09 08:14:00,352,0.030102999665900007,0.0,0,-0.11,-0.22,-0.11
2024-02-09 08:14:00,446,0.030102999665900007,0.125,0,-0.11,-0.22,-0.11
2024-02-09 08:14:00,452,0.030102999665900007,0.0,0,-0.11,-0.22,-0.11
2024-02-09 08:14:00,435,0.030102999665900007,0.0250000003725,0,-0.11,-0.22,-0.11
2024-02-09 08:14:00,257,0.030102999665900007,0.375,0,-0.11,-0.22,-0.11
2024-02-09 08:14:00,454,0.030102999665900007,0.0250000003725,0,-0.11,-0.22,-0.11
2024-02-09 08:14:00,451,0.030102999665900007,0.0250000003725,0,-0.11,-0.22,-0.11
2024-02-09 08:14:00,443,0.030102999665900007,0.0,0,-0.11,-0.22,-0.11
2024-02-09 08:14:00,353,0.030102999665900007,0.375,0,-0.11,-0.22,-0.11
2024-02-09 08:14:27,205,0.030102999665900007,0.300000011921,0,-0.11,-0.22,-0.11
2024-02-09 08:14:27,197,0.030102999665900007,0.0,0,-0.11,-0.22,-0.11
2024-02-09 08:14:27,201,0.030102999665900007,0.0,0,-0.11,-0.22,-0.11
2024-02-09 08:14:27,204,0.030102999665900007,0.0,0,-0.11,-0.22,-0.11
2024-02-09 08:14:27,203,0.030102999665900007,0.0,0,-0.11,-0.22,-0.11
2024-02-09 08:14:27,143,0.030102999665900007,0.0250000003725,0,-0.11,-0.22,-0.11
2024-02-09 08:14:27,145,0.030102999665900007,0.0,0,-0.11,-0.22,-0.11
2024-02-09 08:14:27,144,0.030102999665900007,0.0,0,-0.11,-0.22,-0.11
2024-02-09 08:14:27,143,0.030102999665900007,0.0,0,-0.11,-0.22,-0.11
2024-02-09 08:14:27,143,0.030102999665900007,0.0,0,-0.11,-0.22,-0.11
2024-02-09 08:14:27,143,0.030102999665900007,0.0,0,-0.11,-0.22,-0.11
2024-02-09 08:14:29,201,0.030102999665900007,0.0,0,-0.11,-0.22,-0.11
2024-02-09 08:14:38,435,0.030102999665900007,0.0,0,-0.11,-0.22,-0.11
2024-02-09 08:14:38,443,0.030102999665900007,0.0,0,-0.11,-0.22,-0.11
2024-02-09 08:14:38,445,0.030102999665900007,0.0,0,-0.11,-0.22,-0.11
2024-02-09 08:14:38,212,0.030102999665900007,0.449999988079,0,-0.11,-0.22,-0.11
2024-02-09 08:14:38,205,0.030102999665900007,0.0,0,-0.11,-0.22,-0.11
2024-02-09 08:14:38,204,0.030102999665900007,0.0,0,-0.11,-0.22,-0.11
2024-02-09 08:14:38,203,0.030102999665900007,0.0,0,-0.11,-0.22,-0.11
2024-02-09 08:14:38,444,0.030102999665900007,0.0,0,-0.11,-0.22,-0.11
2024-02-09 08:14:38,442,0.045173824045000005,0.0,0,-0.11,-0.22,-0.11
2024-02-09 08:14:38,440,0.045173824045000005,0.0,0,-0.11,-0.22,-0.11
2024-02-09 08:14:38,189,0.045418565406800004,0.425000011921,0,-0.11,-0.22,-0.11
2024-02-09 08:14:38,439,0.045418565406800004,0.0,0,-0.11,-0.22,-0.11
2024-02-09 08:14:38,438,0.045418565406800004,0.0,0,-0.11,-0.22,-0.11
2024-02-09 08:14:38,437,0.0472404306472,0.0,0,-0.11,-0.22,-0.11
2024-02-09 08:14:38,256,0.0395620777145,0.375,0,-0.11,-0.22,-0.11
2024-02-09 08:14:38,436,0.0454185666247,0.0750000029802,0,-0.11,-0.22,-0.11
2024-02-09 08:14:38,435,0.0454185666247,0.0,0,-0.11,-0.22,-0.11
2024-02-09 08:14:38,434,0.0454185666247,0.0,0,-0.11,-0.22,-0.11
2024-02-09 08:14:38,433,0.0895137787002,0.425000011921,0,-0.11,-0.22,-0.11
2024-02-09 08:14:38,432,0.09599523418860001,0.0500000007451,0,-0.11,-0.22,-0.11
2024-02-09 08:14:38,431,0.0540894458641,0.0500000007451,0,-0.11,-0.22,-0.11
2024-02-09 08:14:38,435,0.058805963264499994,0.0500000007451,0,-0.11,-0.22,-0.11
2024-02-09 08:14:38,245,0.09934260456539999,0.34999999404,0,-0.11,-0.22,-0.11
2024-02-09 08:14:38,195,0.19166518021099999,0.550000011921,0,-0.11,-0.22,-0.11
2024-02-09 08:14:38,197,0.12479902287900001,0.0,0,-0.11,-0.22,-0.11
2024-02-09 08:14:53,199,0.11345177882799999,0.0,0,-0.11,-0.22,-0.11
2024-02-09 08:14:53,144,0.132733125471,0.125,0,-0.11,-0.22,-0.11
2024-02-09 08:14:53,143,0.136811851406,0.0250000003725,0,-0.11,-0.22,-0.11
2024-02-09 08:14:53,143,0.0803187722468,0.0250000003725,0,-0.11,-0.22,-0.11
2024-02-09 08:14:53,199,0.07739265161839999,0.0250000003725,0,-0.11,-0.22,-0.11
2024-02-09 08:14:53,341,0.0993426033051,0.22499999403999998,0,-0.11,-0.22,-0.11
2024-02-09 08:14:53,342,0.0959952307342,0.0250000003725,0,-0.11,-0.22,-0.11
2024-02-09 08:14:53,342,0.0588059623618,0.0250000003725,0,-0.11,-0.22,-0.11
2024-02-09 08:15:23,143,0.0340368585445,0.125,0,-0.11,-0.22,-0.11
2024-02-09 08:15:23,143,0.0340368585445,0.0,0,-0.11,-0.22,-0.11
2024-02-09 08:15:23,144,0.0323843110229,0.0250000003725,0,-0.11,-0.22,-0.11
2024-02-09 08:15:23,145,0.039339043823099995,0.0250000003725,0,-0.11,-0.22,-0.11
2024-02-09 08:15:23,200,0.037513454108,0.0500000007451,0,-0.11,-0.22,-0.11
2024-02-09 08:15:23,197,0.039339043823099995,0.0,0,-0.11,-0.22,-0.11
2024-02-09 08:15:23,143,0.0412238234579,0.0,0,-0.11,-0.22,-0.11
2024-02-09 08:15:23,143,0.06096345217180001,0.0,0,-0.11,-0.22,-0.11
2024-02-09 08:15:24,200,0.0634768242194,0.0,0,-0.11,-0.22,-0.11
2024-02-09 08:16:04,143,0.0660563355548,0.0,0,-0.11,-0.22,-0.11
2024-02-09 08:16:04,342,0.04517382343830001,0.34999999404,0,-0.11,-0.22,-0.11
2024-02-09 08:16:04,199,0.04517382343830001,0.0,0,-0.11,-0.22,-0.11
2024-02-09 08:16:04,341,0.0375134542419,0.125,0,-0.11,-0.22,-0.11
2024-02-09 08:16:04,144,0.0393390439613,0.0,0,-0.11,-0.22,-0.11
2024-02-09 08:16:04,342,0.030976506564000007,0.20000000298,0,-0.11,-0.22,-0.11
2024-02-09 08:16:18,341,0.030976506564000007,0.0,0,-0.11,-0.22,-0.11
2024-02-09 08:16:19,273,0.030976506564000007,0.0,0,-0.11,-0.22,-0.11
2024-02-09 08:16:19,272,0.0325796373551,0.0250000003725,0,-0.11,-0.22,-0.11
2024-02-09 08:16:19,274,0.0325796373551,0.0,0,-0.11,-0.22,-0.11
2024-02-09 08:16:19,196,0.0325796373551,0.0,0,-0.11,-0.22,-0.11
2024-02-09 08:16:19,257,0.053814633212199994,0.0,0,-0.11,-0.22,-0.11
2024-02-09 08:16:29,448,0.030976506211900002,0.324999988079,0,-0.11,-0.22,-0.11
2024-02-09 08:16:29,257,0.035746313036300006,0.0250000003725,0,-0.11,-0.22,-0.11
2024-02-09 08:16:29,446,0.032384311264900004,0.0500000007451,0,-0.11,-0.22,-0.11
2024-02-09 08:16:29,257,0.043168515935899994,0.0500000007451,0,-0.11,-0.22,-0.11
2024-02-09 08:16:29,449,0.046018927780300006,0.0500000007451,0,-0.11,-0.22,-0.11
2024-02-09 08:16:29,257,0.0416364545139,0.0500000007451,0,-0.11,-0.22,-0.11
2024-02-09 08:16:29,450,0.043790962726600005,0.0,0,-0.11,-0.22,-0.11
2024-02-09 08:16:29,257,0.043790962726600005,0.0,0,-0.11,-0.22,-0.11
2024-02-09 08:16:29,451,0.043790962726600005,0.0,0,-0.11,-0.22,-0.11
2024-02-09 08:16:29,257,0.043790962726600005,0.0,0,-0.11,-0.22,-0.11
2024-02-09 08:16:29,452,0.0787858346687,0.0,0,-0.11,-0.22,-0.11
2024-02-09 08:16:29,435,0.08204137966960001,0.0,0,-0.11,-0.22,-0.11
2024-02-09 08:16:29,257,0.08204137966960001,0.0500000007451,0,-0.11,-0.22,-0.11
2024-02-09 08:16:29,454,0.08880446920289999,0.0,0,-0.11,-0.22,-0.11
2024-02-09 08:16:29,443,0.0959072948557,0.0,0,-0.11,-0.22,-0.11
2024-02-09 08:16:29,257,0.103354087022,0.0,0,-0.11,-0.22,-0.11
2024-02-09 08:16:29,456,0.103354087022,0.0,0,-0.11,-0.22,-0.11
2024-02-09 08:16:29,257,0.103354087022,0.0,0,-0.11,-0.22,-0.11
2024-02-09 08:16:29,257,0.0437909619104,0.5,0,-0.11,-0.22,-0.11
2024-02-09 08:16:29,457,0.039554475475599996,0.0500000007451,0,-0.11,-0.22,-0.11
2024-02-09 08:16:29,458,0.039554475475599996,0.0,0,-0.11,-0.22,-0.11
2024-02-09 08:16:29,447,0.039554475475599996,0.0,0,-0.11,-0.22,-0.11
2024-02-09 08:16:29,257,0.0437909619104,0.0,0,-0.11,-0.22,-0.11
2024-02-09 08:16:29,353,0.043546019862400004,0.34999999404,0,-0.11,-0.22,-0.11
2024-02-09 08:16:29,353,0.04805966213880001,0.0500000007451,0,-0.11,-0.22,-0.11
2024-02-09 08:16:29,353,0.0606730108563,0.125,0,-0.11,-0.22,-0.11
2024-02-09 08:16:29,266,0.0634299918686,0.0250000003725,0,-0.11,-0.22,-0.11
2024-02-09 08:16:29,352,0.06918421482310001,0.0500000007451,0,-0.11,-0.22,-0.11
2024-02-09 08:16:29,455,0.0317347837478,0.10000000149,0,-0.11,-0.22,-0.11
2024-02-09 08:16:34,143,0.0413996816656,0.17499999702,0,-0.11,-0.22,-0.11
2024-02-09 08:16:34,200,0.0413996816656,0.0,0,-0.11,-0.22,-0.11
2024-02-09 08:16:34,197,0.0413996816656,0.0,0,-0.11,-0.22,-0.11
2024-02-09 08:16:34,143,0.0413996816656,0.0,0,-0.11,-0.22,-0.11
2024-02-09 08:16:34,144,0.0460189269365,0.0,0,-0.11,-0.22,-0.11
2024-02-09 08:16:34,145,0.050698799503,0.0,0,-0.11,-0.22,-0.11
2024-02-09 08:16:34,143,0.063743734623,0.0,0,-0.11,-0.22,-0.11
2024-02-09 08:16:34,143,0.06658955616159999,0.0,0,-0.11,-0.22,-0.11
2024-02-09 08:16:35,200,0.07252377457430001,0.0,0,-0.11,-0.22,-0.11
2024-02-09 08:16:53,342,0.07252377457430001,0.10000000149,0,-0.11,-0.22,-0.11
2024-02-09 08:16:53,341,0.08880446920289999,0.0500000007451,0,-0.11,-0.22,-0.11
2024-02-09 08:16:53,199,0.08880446920289999,0.0,0,-0.11,-0.22,-0.11
2024-02-09 08:16:53,342,0.08538073300230001,0.0250000003725,0,-0.11,-0.22,-0.11
2024-02-09 08:16:53,144,0.08538073300230001,0.0,0,-0.11,-0.22,-0.11
2024-02-09 08:16:53,143,0.08538073300230001,0.0,0,-0.11,-0.22,-0.11
2024-02-09 08:17:23,143,0.08538073300230001,0.0,0,-0.11,-0.22,-0.11
2024-02-09 08:17:23,143,0.08538073300230001,0.0,0,-0.11,-0.22,-0.11
2024-02-09 08:17:23,143,0.08538073300230001,0.0,0,-0.11,-0.22,-0.11
2024-02-09 08:17:23,200,0.08538073300230001,0.0,0,-0.11,-0.22,-0.11
2024-02-09 08:17:23,197,0.0995874416219,0.0,0,-0.11,-0.22,-0.11
2024-02-09 08:17:23,145,0.107207717243,0.0,0,-0.11,-0.22,-0.11
2024-02-09 08:17:23,144,0.107207717243,0.0,0,-0.11,-0.22,-0.11
2024-02-09 08:17:23,143,0.111148802475,0.0,0,-0.11,-0.22,-0.11
2024-02-09 08:17:24,200,0.111148802475,0.0,0,-0.11,-0.22,-0.11
2024-02-09 08:17:28,192,0.111148802475,0.0,0,-0.11,-0.22,-0.11
2024-02-09 08:17:30,287,0.107207717243,0.0250000003725,0,-0.11,-0.22,-0.11
2024-02-09 08:17:30,193,0.107207717243,0.0,0,-0.11,-0.22,-0.11
2024-02-09 08:17:40,199,0.107207717243,0.0,0,-0.11,-0.22,-0.11
2024-02-09 08:17:40,341,0.0756135052239,0.22499999403999998,0,-0.11,-0.22,-0.11
2024-02-09 08:17:40,143,0.0756135052239,0.0,0,-0.11,-0.22,-0.11
2024-02-09 08:17:40,143,0.0756135052239,0.0,0,-0.11,-0.22,-0.11
2024-02-09 08:17:40,144,0.0756135052239,0.0,0,-0.11,-0.22,-0.11
2024-02-09 08:18:10,201,0.06951601073460001,0.0500000007451,0,-0.11,-0.22,-0.11
2024-02-09 08:18:10,197,0.06951601073460001,0.0,0,-0.11,-0.22,-0.11
2024-02-09 08:18:10,143,0.06951601073460001,0.0,0,-0.11,-0.22,-0.11
2024-02-09 08:18:10,143,0.07252377502860001,0.0,0,-0.11,-0.22,-0.11
2024-02-09 08:18:10,144,0.07252377502860001,0.0,0,-0.11,-0.22,-0.11
2024-02-09 08:18:10,143,0.07252377502860001,0.0,0,-0.11,-0.22,-0.11
2024-02-09 08:18:10,143,0.103354087022,0.0,0,-0.11,-0.22,-0.11
2024-02-09 08:18:10,145,0.103354087022,0.0,0,-0.11,-0.22,-0.11
2024-02-09 08:18:10,204,0.103354087022,0.0,0,-0.11,-0.22,-0.11
2024-02-09 08:18:10,203,0.103354087022,0.0,0,-0.11,-0.22,-0.11
2024-02-09 08:18:10,205,0.111148802475,0.0,0,-0.11,-0.22,-0.11
2024-02-09 08:18:12,201,0.111148802475,0.0,0,-0.11,-0.22,-0.11
2024-02-09 08:18:50,272,0.0959072948557,0.10000000149,0,-0.11,-0.22,-0.11
2024-02-09 08:18:50,273,0.08204137966960001,0.10000000149,0,-0.11,-0.22,-0.11
2024-02-09 08:18:50,342,0.0725237736657,0.0750000029802,0,-0.11,-0.22,-0.11
2024-02-09 08:18:50,274,0.0725237736657,0.0,0,-0.11,-0.22,-0.11
2024-02-09 08:18:50,144,0.06951600940830001,0.0250000003725,0,-0.11,-0.22,-0.11
2024-02-09 08:18:50,143,0.06951600940830001,0.0,0,-0.11,-0.22,-0.11
2024-02-09 08:18:50,143,0.06951600940830001,0.0,0,-0.11,-0.22,-0.11
2024-02-09 08:18:50,195,0.06951600940830001,0.0,0,-0.11,-0.22,-0.11
2024-02-09 08:18:50,189,0.0665895553015,0.0250000003725,0,-0.11,-0.22,-0.11
2024-02-09 08:18:50,199,0.0665895553015,0.0,0,-0.11,-0.22,-0.11
2024-02-09 08:18:50,341,0.060977844488900014,0.15000000596,0,-0.11,-0.22,-0.11
2024-02-09 08:18:50,199,0.0725237732114,0.0,0,-0.11,-0.22,-0.11
2024-02-09 08:18:50,196,0.08204137917830001,0.0,0,-0.11,-0.22,-0.11
2024-02-09 08:18:50,431,0.0437909619104,0.34999999404,0,-0.11,-0.22,-0.11
2024-02-09 08:18:50,432,0.0460189269365,0.0,0,-0.11,-0.22,-0.11
2024-02-09 08:18:50,622,0.043546020350400005,0.375,0,-0.11,-0.22,-0.11
2024-02-09 08:18:50,257,0.191296882044,0.975000023842,0,-0.11,-0.22,-0.11
2024-02-09 08:18:50,212,0.191296882044,0.0,0,-0.11,-0.22,-0.11
2024-02-09 08:18:50,445,0.20828847144200002,0.10000000149,0,-0.11,-0.22,-0.11
2024-02-09 08:18:50,444,0.20828847144200002,0.0,0,-0.11,-0.22,-0.11
2024-02-09 08:18:50,443,0.18043803542599998,0.0250000003725,0,-0.11,-0.22,-0.11
2024-02-09 08:18:50,245,0.185820741614,0.0250000003725,0,-0.11,-0.22,-0.11
2024-02-09 08:18:50,435,0.185820741614,0.0,0,-0.11,-0.22,-0.11
2024-02-09 08:18:50,442,0.123025751086,0.0250000003725,0,-0.11,-0.22,-0.11
2024-02-09 08:18:50,440,0.123025751086,0.0,0,-0.11,-0.22,-0.11
2024-02-09 08:18:50,342,0.110703042383,0.300000011921,0,-0.11,-0.22,-0.11
2024-02-09 08:18:50,438,0.0506987980632,0.0,0,-0.11,-0.22,-0.11
2024-02-09 08:18:50,437,0.0506987980632,0.0,0,-0.11,-0.22,-0.11
2024-02-09 08:18:50,256,0.0582911650582,0.0250000003725,0,-0.11,-0.22,-0.11
2024-02-09 08:18:50,436,0.0582911650582,0.0,0,-0.11,-0.22,-0.11
2024-02-09 08:18:50,435,0.060977844285699995,0.0,0,-0.11,-0.22,-0.11
2024-02-09 08:18:50,435,0.051984135198499995,0.0,0,-0.11,-0.22,-0.11
2024-02-09 08:18:50,434,0.0395570415635,0.40000000596,0,-0.11,-0.22,-0.11
2024-02-09 08:18:50,433,0.037590883215,0.0,0,-0.11,-0.22,-0.11
2024-02-09 08:18:50,439,0.037590883215,0.0,0,-0.11,-0.22,-0.11
2024-02-09 08:19:01,456,0.0451078063342,0.0,0,-0.11,-0.22,-0.11
2024-02-09 08:19:01,454,0.0451078063342,0.0,0,-0.11,-0.22,-0.11
2024-02-09 08:19:01,257,0.0552835721915,0.5,0,-0.11,-0.22,-0.11
2024-02-09 08:19:01,443,0.0552835721915,0.0250000003725,0,-0.11,-0.22,-0.11
2024-02-09 08:19:01,257,0.07463794145449999,0.17499999702,0,-0.11,-0.22,-0.11
2024-02-09 08:19:01,455,0.07463794145449999,0.0,0,-0.11,-0.22,-0.11
2024-02-09 08:19:01,257,0.0777128532461,0.0250000003725,0,-0.11,-0.22,-0.11
2024-02-09 08:19:01,458,0.039557039924199996,0.0250000003725,0,-0.11,-0.22,-0.11
2024-02-09 08:19:01,257,0.039557039924199996,0.0,0,-0.11,-0.22,-0.11
2024-02-09 08:19:01,457,0.039557039924199996,0.0,0,-0.11,-0.22,-0.11
2024-02-09 08:19:01,435,0.039557039924199996,0.0,0,-0.11,-0.22,-0.11
2024-02-09 08:19:01,257,0.039557039924199996,0.0,0,-0.11,-0.22,-0.11
2024-02-09 08:19:01,353,0.0388677393651,0.25,0,-0.11,-0.22,-0.11
2024-02-09 08:19:01,266,0.040878483846400006,0.0,0,-0.11,-0.22,-0.11
2024-02-09 08:19:01,352,0.054421435955099996,0.0250000003725,0,-0.11,-0.22,-0.11
2024-02-09 08:19:01,446,0.0473281111674,0.0750000029802,0,-0.11,-0.22,-0.11
2024-02-09 08:19:01,452,0.0496199538316,0.0,0,-0.11,-0.22,-0.11
2024-02-09 08:19:01,257,0.051984136092800004,0.0,0,-0.11,-0.22,-0.11
2024-02-09 08:19:01,447,0.0496199538316,0.0250000003725,0,-0.11,-0.22,-0.11
2024-02-09 08:19:01,257,0.0473281111674,0.0250000003725,0,-0.11,-0.22,-0.11
2024-02-09 08:19:01,448,0.045107806497,0.0250000003725,0,-0.11,-0.22,-0.11
2024-02-09 08:19:01,257,0.045107806497,0.0,0,-0.11,-0.22,-0.11
2024-02-09 08:19:01,449,0.0706213799197,0.0,0,-0.11,-0.22,-0.11
2024-02-09 08:19:01,257,0.0706213799197,0.0,0,-0.11,-0.22,-0.11
2024-02-09 08:19:01,450,0.0735903835322,0.0,0,-0.11,-0.22,-0.11
2024-02-09 08:19:01,257,0.0829709750722,0.0,0,-0.11,-0.22,-0.11
2024-02-09 08:19:01,451,0.0829709750722,0.0,0,-0.11,-0.22,-0.11
2024-02-09 08:19:01,353,0.0621794709285,0.17499999702,0,-0.11,-0.22,-0.11
2024-02-09 08:19:01,353,0.06491655928290001,0.0,0,-0.11,-0.22,-0.11
2024-02-09 08:19:20,144,0.067730314116,0.0,0,-0.11,-0.22,-0.11
2024-02-09 08:19:20,143,0.0706213807928,0.0,0,-0.11,-0.22,-0.11
2024-02-09 08:19:20,143,0.0706213807928,0.0,0,-0.11,-0.22,-0.11
2024-02-09 08:19:20,143,0.0706213807928,0.0,0,-0.11,-0.22,-0.11
2024-02-09 08:19:20,145,0.067730314116,0.0250000003725,0,-0.11,-0.22,-0.11
2024-02-09 08:19:20,143,0.067730314116,0.0,0,-0.11,-0.22,-0.11
2024-02-09 08:19:20,197,0.067730314116,0.0,0,-0.11,-0.22,-0.11
2024-02-09 08:19:20,198,0.067730314116,0.0,0,-0.11,-0.22,-0.11
2024-02-09 08:19:22,198,0.08962498557080001,0.0,0,-0.11,-0.22,-0.11
2024-02-09 08:19:41,342,0.0829709750722,0.0500000007451,0,-0.11,-0.22,-0.11
2024-02-09 08:19:41,144,0.0829709750722,0.0,0,-0.11,-0.22,-0.11
2024-02-09 08:19:41,143,0.0829709750722,0.0,0,-0.11,-0.22,-0.11
2024-02-09 08:19:41,143,0.0829709750722,0.0,0,-0.11,-0.22,-0.11
2024-02-09 08:19:41,199,0.0829709750722,0.0,0,-0.11,-0.22,-0.11
2024-02-09 08:19:41,342,0.0862575915172,0.0,0,-0.11,-0.22,-0.11
2024-02-09 08:19:41,341,0.0569326075503,0.25,0,-0.11,-0.22,-0.11
2024-02-09 08:20:06,192,0.0569326075503,0.0,0,-0.11,-0.22,-0.11
2024-02-09 08:20:09,193,0.0569326075503,0.0,0,-0.11,-0.22,-0.11
2024-02-09 08:20:11,197,0.0569326075503,0.0,0,-0.11,-0.22,-0.11
2024-02-09 08:20:11,143,0.062179470727399995,0.0,0,-0.11,-0.22,-0.11
2024-02-09 08:20:11,143,0.062179470727399995,0.0,0,-0.11,-0.22,-0.11
2024-02-09 08:20:11,145,0.062179470727399995,0.0,0,-0.11,-0.22,-0.11
2024-02-09 08:20:11,144,0.062179470727399995,0.0,0,-0.11,-0.22,-0.11
2024-02-09 08:20:11,143,0.062179470727399995,0.0,0,-0.11,-0.22,-0.11
2024-02-09 08:20:11,143,0.062179470727399995,0.0,0,-0.11,-0.22,-0.11
2024-02-09 08:20:11,287,0.06773031347849999,0.20000000298,0,-0.11,-0.22,-0.11
2024-02-09 08:20:11,200,0.0649165586626,0.0250000003725,0,-0.11,-0.22,-0.11
2024-02-09 08:20:11,204,0.0649165586626,0.0,0,-0.11,-0.22,-0.11
2024-02-09 08:20:11,203,0.0649165586626,0.0,0,-0.11,-0.22,-0.11
2024-02-09 08:20:11,205,0.0649165586626,0.0,0,-0.11,-0.22,-0.11
2024-02-09 08:20:13,200,0.0649165586626,0.0,0,-0.11,-0.22,-0.11
2024-02-09 08:20:38,144,0.0649165586626,0.0,0,-0.11,-0.22,-0.11
2024-02-09 08:20:38,143,0.0595183823163,0.0500000007451,0,-0.11,-0.22,-0.11
2024-02-09 08:20:38,341,0.0408784830845,0.20000000298,0,-0.11,-0.22,-0.11
2024-02-09 08:20:38,199,0.0408784830845,0.0,0,-0.11,-0.22,-0.11
2024-02-09 08:21:08,203,0.0595183823163,0.0,0,-0.11,-0.22,-0.11
2024-02-09 08:21:08,204,0.0621794703252,0.0,0,-0.11,-0.22,-0.11
2024-02-09 08:21:08,205,0.0621794703252,0.0,0,-0.11,-0.22,-0.11
2024-02-09 08:21:08,197,0.0621794703252,0.0,0,-0.11,-0.22,-0.11
2024-02-09 08:21:08,143,0.0621794703252,0.0,0,-0.11,-0.22,-0.11
2024-02-09 08:21:08,144,0.0621794703252,0.0,0,-0.11,-0.22,-0.11
2024-02-09 08:21:08,145,0.0621794703252,0.0,0,-0.11,-0.22,-0.11
2024-02-09 08:21:08,143,0.06773031347849999,0.0,0,-0.11,-0.22,-0.11
2024-02-09 08:21:08,143,0.0930736721134,0.0,0,-0.11,-0.22,-0.11
2024-02-09 08:21:08,143,0.0930736721134,0.0,0,-0.11,-0.22,-0.11
2024-02-09 08:21:08,200,0.0930736721134,0.0,0,-0.11,-0.22,-0.11
2024-02-09 08:21:10,200,0.0930736721134,0.0,0,-0.11,-0.22,-0.11
2024-02-09 08:21:35,189,0.0930736721134,0.0,0,-0.11,-0.22,-0.11
2024-02-09 08:21:35,195,0.0930736721134,0.0,0,-0.11,-0.22,-0.11
2024-02-09 08:21:35,443,0.062179470727399995,0.25,0,-0.11,-0.22,-0.11
2024-02-09 08:21:35,431,0.062179470727399995,0.0,0,-0.11,-0.22,-0.11
2024-02-09 08:21:35,432,0.062179470727399995,0.0,0,-0.11,-0.22,-0.11
2024-02-09 08:21:35,433,0.059518382707199995,0.0250000003725,0,-0.11,-0.22,-0.11
2024-02-09 08:21:35,434,0.059518382707199995,0.0,0,-0.11,-0.22,-0.11
2024-02-09 08:21:35,435,0.059518382707199995,0.0,0,-0.11,-0.22,-0.11
2024-02-09 08:21:35,444,0.0569326075503,0.0250000003725,0,-0.11,-0.22,-0.11
2024-02-09 08:21:35,436,0.0569326075503,0.0,0,-0.11,-0.22,-0.11
2024-02-09 08:21:35,435,0.0569326075503,0.0,0,-0.11,-0.22,-0.11
2024-02-09 08:21:35,437,0.0569326075503,0.0,0,-0.11,-0.22,-0.11
2024-02-09 08:21:35,439,0.0862575915172,0.0,0,-0.11,-0.22,-0.11
2024-02-09 08:21:35,440,0.0862575915172,0.0,0,-0.11,-0.22,-0.11
2024-02-09 08:21:35,442,0.0862575915172,0.0,0,-0.11,-0.22,-0.11
2024-02-09 08:21:35,435,0.08962498557080001,0.0,0,-0.11,-0.22,-0.11
2024-02-09 08:21:35,245,0.07976460407460001,0.0750000029802,0,-0.11,-0.22,-0.11
2024-02-09 08:21:35,212,0.031496223731299997,0.5,0,-0.11,-0.22,-0.11
2024-02-09 08:21:35,445,0.0332402876928,0.0,0,-0.11,-0.22,-0.11
2024-02-09 08:21:35,256,0.0332402876928,0.0,0,-0.11,-0.22,-0.11
2024-02-09 08:21:35,438,0.0337042333773,0.0,0,-0.11,-0.22,-0.11
2024-02-09 08:21:36,594,0.060286025828800015,0.27500000596,0,-0.11,-0.22,-0.11
2024-02-09 08:21:40,342,0.23486533131499998,0.925000011921,0,-0.11,-0.22,-0.11
2024-02-09 08:21:40,341,0.23486533131499998,0.0,0,-0.11,-0.22,-0.11
2024-02-09 08:21:40,342,0.24157542550500002,0.0250000003725,0,-0.11,-0.22,-0.11
2024-02-09 08:21:40,144,0.24157542550500002,0.0,0,-0.11,-0.22,-0.11
2024-02-09 08:21:40,143,0.221772067648,0.0,0,-0.11,-0.22,-0.11
2024-02-09 08:21:41,143,0.114298985279,0.0,0,-0.11,-0.22,-0.11
2024-02-09 08:21:41,199,0.114298985279,0.0,0,-0.11,-0.22,-0.11
2024-02-09 08:22:10,145,0.114298985279,0.0,0,-0.11,-0.22,-0.11
2024-02-09 08:22:10,197,0.114298985279,0.0,0,-0.11,-0.22,-0.11
2024-02-09 08:22:10,144,0.07259149356030001,0.0,0,-0.11,-0.22,-0.11
2024-02-09 08:22:10,198,0.08345796804569999,0.0,0,-0.11,-0.22,-0.11
2024-02-09 08:22:10,143,0.0765212638688,0.0500000007451,0,-0.11,-0.22,-0.11
2024-02-09 08:22:10,203,0.0799419257182,0.0,0,-0.11,-0.22,-0.11
2024-02-09 08:22:10,204,0.0799419257182,0.0,0,-0.11,-0.22,-0.11
2024-02-09 08:22:10,205,0.0799419257182,0.0,0,-0.11,-0.22,-0.11
2024-02-09 08:22:10,143,0.0699630846321,0.0750000029802,0,-0.11,-0.22,-0.11
2024-02-09 08:22:10,143,0.0637771652989,0.0500000007451,0,-0.11,-0.22,-0.11
2024-02-09 08:22:10,143,0.0637771652989,0.0,0,-0.11,-0.22,-0.11
2024-02-09 08:22:11,198,0.0637771652989,0.0,0,-0.11,-0.22,-0.11
2024-02-09 08:22:42,144,0.0637771652989,0.0,0,-0.11,-0.22,-0.11
2024-02-09 08:22:42,341,0.055181442871400005,0.0750000029802,0,-0.11,-0.22,-0.11
2024-02-09 08:22:42,199,0.060821721360999996,0.0,0,-0.11,-0.22,-0.11
2024-02-09 08:22:42,143,0.060821721360999996,0.0,0,-0.11,-0.22,-0.11
2024-02-09 08:23:12,198,0.060821721360999996,0.0,0,-0.11,-0.22,-0.11
2024-02-09 08:23:12,145,0.060821721360999996,0.0,0,-0.11,-0.22,-0.11
2024-02-09 08:23:12,144,0.0699630846321,0.0,0,-0.11,-0.22,-0.11
2024-02-09 08:23:12,143,0.0765212636175,0.0,0,-0.11,-0.22,-0.11
2024-02-09 08:23:12,143,0.0765212636175,0.0,0,-0.11,-0.22,-0.11
2024-02-09 08:23:12,143,0.0765212636175,0.0,0,-0.11,-0.22,-0.11
2024-02-09 08:23:12,197,0.0765212636175,0.0,0,-0.11,-0.22,-0.11
2024-02-09 08:23:12,143,0.0870701074967,0.0,0,-0.11,-0.22,-0.11
2024-02-09 08:23:13,198,0.0870701074967,0.0,0,-0.11,-0.22,-0.11
2024-02-09 08:23:16,272,0.06682400129869999,0.15000000596,0,-0.11,-0.22,-0.11
2024-02-09 08:23:16,273,0.0637771650753,0.0250000003725,0,-0.11,-0.22,-0.11
2024-02-09 08:23:16,196,0.0637771650753,0.0,0,-0.11,-0.22,-0.11
2024-02-09 08:23:16,274,0.060821721360999996,0.0250000003725,0,-0.11,-0.22,-0.11
2024-02-09 08:23:16,598,0.052494745582,0.0750000029802,0,-0.11,-0.22,-0.11
2024-02-09 08:23:16,598,0.046928906923,0.449999988079,0,-0.11,-0.22,-0.11
2024-02-09 08:23:16,257,0.046928906923,0.0,0,-0.11,-0.22,-0.11
2024-02-09 08:23:26,257,0.046928906923,0.0,0,-0.11,-0.22,-0.11
2024-02-09 08:23:26,458,0.046928906923,0.0,0,-0.11,-0.22,-0.11
2024-02-09 08:23:26,457,0.046928906923,0.0,0,-0.11,-0.22,-0.11
2024-02-09 08:23:26,450,0.0337042325004,0.0,0,-0.11,-0.22,-0.11
2024-02-09 08:23:26,257,0.031781508215999996,0.0,0,-0.11,-0.22,-0.11
2024-02-09 08:23:26,451,0.0337042325004,0.0250000003725,0,-0.11,-0.22,-0.11
2024-02-09 08:23:26,257,0.07259149161619999,0.40000000596,0,-0.11,-0.22,-0.11
2024-02-09 08:23:26,452,0.06322469113950001,0.0,0,-0.11,-0.22,-0.11
2024-02-09 08:23:26,446,0.0421910633455,0.25,0,-0.11,-0.22,-0.11
2024-02-09 08:23:26,353,0.057437700609400004,0.15000000596,0,-0.11,-0.22,-0.11
2024-02-09 08:23:26,352,0.057437700609400004,0.0,0,-0.11,-0.22,-0.11
2024-02-09 08:23:26,257,0.057437700609400004,0.0,0,-0.11,-0.22,-0.11
2024-02-09 08:23:26,454,0.0759001298987,0.15000000596,0,-0.11,-0.22,-0.11
2024-02-09 08:23:26,443,0.0759001298987,0.0,0,-0.11,-0.22,-0.11
2024-02-09 08:23:26,257,0.0759001298987,0.0,0,-0.11,-0.22,-0.11
2024-02-09 08:23:26,455,0.0725914942894,0.0,0,-0.11,-0.22,-0.11
2024-02-09 08:23:26,266,0.03178150976,0.0,0,-0.11,-0.22,-0.11
2024-02-09 08:23:26,353,0.0828016406323,0.47499999404,0,-0.11,-0.22,-0.11
2024-02-09 08:23:26,353,0.052008356827099984,0.0,0,-0.11,-0.22,-0.11
2024-02-09 08:23:26,257,0.0377859779789,0.0,0,-0.11,-0.22,-0.11
2024-02-09 08:23:26,257,0.0377859779789,0.0,0,-0.11,-0.22,-0.11
2024-02-09 08:23:26,447,0.054678793690800004,0.17499999702,0,-0.11,-0.22,-0.11
2024-02-09 08:23:26,435,0.042191061983599995,0.0250000003725,0,-0.11,-0.22,-0.11
2024-02-09 08:23:26,456,0.042191061983599995,0.0,0,-0.11,-0.22,-0.11
2024-02-09 08:23:26,257,0.042191061983599995,0.0,0,-0.11,-0.22,-0.11
2024-02-09 08:23:26,448,0.04451782314569999,0.0250000003725,0,-0.11,-0.22,-0.11
2024-02-09 08:23:26,257,0.09387533667860001,0.40000000596,0,-0.11,-0.22,-0.11
2024-02-09 08:23:26,449,0.037785978295,0.0,0,-0.11,-0.22,-0.11
2024-02-09 08:23:26,257,0.037785978295,0.0,0,-0.11,-0.22,-0.11
2024-02-09 08:23:40,199,0.09387533667860001,0.47499999404,0,-0.11,-0.22,-0.11
2024-02-09 08:23:40,341,0.09387533667860001,0.0,0,-0.11,-0.22,-0.11
2024-02-09 08:23:40,143,0.0693765803221,0.0,0,-0.11,-0.22,-0.11
2024-02-09 08:23:40,143,0.0662545903799,0.0,0,-0.11,-0.22,-0.11
2024-02-09 08:23:40,342,0.0662545903799,0.0,0,-0.11,-0.22,-0.11
2024-02-09 08:23:40,342,0.0900869934512,0.17499999702,0,-0.11,-0.22,-0.11
2024-02-09 08:23:40,144,0.0863959849313,0.0,0,-0.11,-0.22,-0.11
2024-02-09 08:24:10,143,0.0399474997065,0.0,0,-0.11,-0.22,-0.11
2024-02-09 08:24:10,143,0.0399474997065,0.0,0,-0.11,-0.22,-0.11
2024-02-09 08:24:10,144,0.0399474997065,0.0,0,-0.11,-0.22,-0.11
2024-02-09 08:24:10,145,0.0637771661932,0.0,0,-0.11,-0.22,-0.11
2024-02-09 08:24:10,143,0.0637771661932,0.0,0,-0.11,-0.22,-0.11
2024-02-09 08:24:10,143,0.0637771661932,0.0,0,-0.11,-0.22,-0.11
2024-02-09 08:24:10,201,0.0637771661932,0.0,0,-0.11,-0.22,-0.11
2024-02-09 08:24:10,203,0.0637771661932,0.0,0,-0.11,-0.22,-0.11
2024-02-09 08:24:10,204,0.0870701074967,0.0,0,-0.11,-0.22,-0.11
2024-02-09 08:24:10,205,0.0870701074967,0.0,0,-0.11,-0.22,-0.11
2024-02-09 08:24:10,197,0.0870701074967,0.0,0,-0.11,-0.22,-0.11
2024-02-09 08:24:11,201,0.0870701074967,0.0,0,-0.11,-0.22,-0.11
2024-02-09 08:24:15,432,0.0340677270174,0.47499999404,0,-0.11,-0.22,-0.11
2024-02-09 08:24:15,195,0.032130636742,0.0250000003725,0,-0.11,-0.22,-0.11
2024-02-09 08:24:15,431,0.0317815084967,0.0500000007451,0,-0.11,-0.22,-0.11
2024-02-09 08:24:15,435,0.0317815084967,0.0,0,-0.11,-0.22,-0.11
2024-02-09 08:24:15,435,0.0317815084967,0.0,0,-0.11,-0.22,-0.11
2024-02-09 08:24:15,435,0.08639598465989999,0.5,0,-0.11,-0.22,-0.11
2024-02-09 08:24:15,434,0.09008699317260001,0.0250000003725,0,-0.11,-0.22,-0.11
2024-02-09 08:24:15,433,0.0938753363927,0.0250000003725,0,-0.11,-0.22,-0.11
2024-02-09 08:24:15,436,0.0977616625734,0.0250000003725,0,-0.11,-0.22,-0.11
2024-02-09 08:24:15,256,0.105830743821,0.0500000007451,0,-0.11,-0.22,-0.11
2024-02-09 08:24:15,212,0.110014685659,0.5,0,-0.11,-0.22,-0.11
2024-02-09 08:24:15,445,0.102370186293,0.0,0,-0.11,-0.22,-0.11
2024-02-09 08:24:15,443,0.09444429892439997,0.0,0,-0.11,-0.22,-0.11
2024-02-09 08:24:15,245,0.09444429892439997,0.0,0,-0.11,-0.22,-0.11
2024-02-09 08:24:15,437,0.09444429892439997,0.0,0,-0.11,-0.22,-0.11
2024-02-09 08:24:15,438,0.035879461581,0.0,0,-0.11,-0.22,-0.11
2024-02-09 08:24:15,439,0.033865481416,0.0,0,-0.11,-0.22,-0.11
2024-02-09 08:24:15,440,0.09062970620710001,0.524999976158,0,-0.11,-0.22,-0.11
2024-02-09 08:24:15,442,0.0869131599969,0.0,0,-0.11,-0.22,-0.11
2024-02-09 08:24:15,444,0.0797714725208,0.0,0,-0.11,-0.22,-0.11
2024-02-09 08:24:15,189,0.0730135340312,0.449999988079,0,-0.11,-0.22,-0.11
2024-02-09 08:24:16,274,0.07634490584989999,0.0250000003725,0,-0.11,-0.22,-0.11
2024-02-09 08:24:16,196,0.07634490584989999,0.0,0,-0.11,-0.22,-0.11
2024-02-09 08:24:16,257,0.07634490584989999,0.0,0,-0.11,-0.22,-0.11
2024-02-09 08:24:16,273,0.07977147096760001,0.0250000003725,0,-0.11,-0.22,-0.11
2024-02-09 08:24:16,622,0.0869131583573,0.0500000007451,0,-0.11,-0.22,-0.11
2024-02-09 08:24:16,272,0.186293259298,0.524999976158,0,-0.11,-0.22,-0.11
2024-02-09 08:24:26,144,0.0869131583573,0.0,0,-0.11,-0.22,-0.11
2024-02-09 08:24:26,458,0.0869131583573,0.0,0,-0.11,-0.22,-0.11
2024-02-09 08:24:26,457,0.0869131583573,0.0,0,-0.11,-0.22,-0.11
2024-02-09 08:24:26,257,0.0379736592487,0.0250000003725,0,-0.11,-0.22,-0.11
2024-02-09 08:24:26,450,0.0358794595917,0.0,0,-0.11,-0.22,-0.11
2024-02-09 08:24:26,257,0.0358794595917,0.0,0,-0.11,-0.22,-0.11
2024-02-09 08:24:26,451,0.0358794595917,0.0,0,-0.11,-0.22,-0.11
2024-02-09 08:24:26,257,0.0338654795038,0.0,0,-0.11,-0.22,-0.11
2024-02-09 08:24:26,452,0.030132993465900006,0.0,0,-0.11,-0.22,-0.11
2024-02-09 08:24:26,257,0.087034036995,0.0,0,-0.11,-0.22,-0.11
2024-02-09 08:24:26,456,0.087034036995,0.0,0,-0.11,-0.22,-0.11
2024-02-09 08:24:26,455,0.087034036995,0.0,0,-0.11,-0.22,-0.11
2024-02-09 08:24:26,257,0.087034036995,0.0,0,-0.11,-0.22,-0.11
2024-02-09 08:24:26,143,0.0667352993712,0.17499999702,0,-0.11,-0.22,-0.11
2024-02-09 08:24:26,443,0.0667352993712,0.0,0,-0.11,-0.22,-0.11
2024-02-09 08:24:26,454,0.0667352993712,0.0,0,-0.11,-0.22,-0.11
2024-02-09 08:24:26,353,0.0497743496413,0.15000000596,0,-0.11,-0.22,-0.11
2024-02-09 08:24:26,199,0.060624002555,0.550000011921,0,-0.11,-0.22,-0.11
2024-02-09 08:24:26,257,0.060624002555,0.0,0,-0.11,-0.22,-0.11
2024-02-09 08:24:26,143,0.060624002555,0.0,0,-0.11,-0.22,-0.11
2024-02-09 08:24:26,435,0.060624002555,0.0,0,-0.11,-0.22,-0.11
2024-02-09 08:24:26,257,0.060624002555,0.0,0,-0.11,-0.22,-0.11
2024-02-09 08:24:26,266,0.143046368869,0.524999976158,0,-0.11,-0.22,-0.11
2024-02-09 08:24:26,257,0.110695761393,0.0,0,-0.11,-0.22,-0.11
2024-02-09 08:24:26,352,0.11942562271500001,0.0500000007451,0,-0.11,-0.22,-0.11
2024-02-09 08:24:26,449,0.180514783101,0.300000011921,0,-0.11,-0.22,-0.11
2024-02-09 08:24:26,446,0.148082233433,0.0,0,-0.11,-0.22,-0.11
2024-02-09 08:24:26,353,0.0797714751094,0.15000000596,0,-0.11,-0.22,-0.11
2024-02-09 08:24:26,341,0.174843467754,0.524999976158,0,-0.11,-0.22,-0.11
2024-02-09 08:24:26,257,0.174843467754,0.0,0,-0.11,-0.22,-0.11
2024-02-09 08:24:26,447,0.21680472105700002,0.17499999702,0,-0.11,-0.22,-0.11
2024-02-09 08:24:26,353,0.243174253886,0.10000000149,0,-0.11,-0.22,-0.11
2024-02-09 08:24:26,257,0.123943508267,0.0,0,-0.11,-0.22,-0.11
2024-02-09 08:24:26,448,0.123943508267,0.0,0,-0.11,-0.22,-0.11
2024-02-09 08:24:56,197,0.115009881624,0.0,0,-0.11,-0.22,-0.11
2024-02-09 08:24:56,203,0.11942561805600001,0.324999988079,0,-0.11,-0.22,-0.11
2024-02-09 08:24:56,144,0.11942561805600001,0.0,0,-0.11,-0.22,-0.11
2024-02-09 08:24:56,198,0.09444429287900001,0.0,0,-0.11,-0.22,-0.11
2024-02-09 08:24:56,145,0.0338654802393,0.0,0,-0.11,-0.22,-0.11
2024-02-09 08:24:56,143,0.0338654802393,0.0,0,-0.11,-0.22,-0.11
2024-02-09 08:24:56,143,0.0402223913465,0.0,0,-0.11,-0.22,-0.11
2024-02-09 08:24:56,205,0.0497743511668,0.0,0,-0.11,-0.22,-0.11
2024-02-09 08:24:56,204,0.0497743511668,0.0,0,-0.11,-0.22,-0.11
2024-02-09 08:24:56,143,0.04248345833119999,0.0750000029802,0,-0.11,-0.22,-0.11
2024-02-09 08:24:56,143,0.0359471631818,0.0750000029802,0,-0.11,-0.22,-0.11
2024-02-09 08:24:58,198,0.0698817158417,0.0,0,-0.11,-0.22,-0.11
2024-02-09 08:25:24,143,0.0667352982164,0.0250000003725,0,-0.11,-0.22,-0.11
2024-02-09 08:25:24,341,0.060720007826,0.0500000007451,0,-0.11,-0.22,-0.11
2024-02-09 08:25:24,342,0.0424834571302,0.17499999702,0,-0.11,-0.22,-0.11
2024-02-09 08:25:24,342,0.035947162109300004,0.0750000029802,0,-0.11,-0.22,-0.11
2024-02-09 08:25:24,211,0.035947162109300004,0.0,0,-0.11,-0.22,-0.11
2024-02-09 08:25:24,199,0.035947162109300004,0.0,0,-0.11,-0.22,-0.11
2024-02-09 08:25:24,209,0.035947162109300004,0.0,0,-0.11,-0.22,-0.11
2024-02-09 08:25:24,210,0.0424834571302,0.0,0,-0.11,-0.22,-0.11
2024-02-09 08:25:24,144,0.0497743498319,0.0,0,-0.11,-0.22,-0.11
2024-02-09 08:25:33,192,0.0497743498319,0.0,0,-0.11,-0.22,-0.11
2024-02-09 08:25:35,193,0.0523775230196,0.0,0,-0.11,-0.22,-0.11
2024-02-09 08:25:35,287,0.0319929410708,0.27500000596,0,-0.11,-0.22,-0.11
2024-02-09 08:25:54,197,0.0402223893621,0.0750000029802,0,-0.11,-0.22,-0.11
2024-02-09 08:25:54,203,0.0472583251176,0.0,0,-0.11,-0.22,-0.11
2024-02-09 08:25:54,204,0.0472583251176,0.0,0,-0.11,-0.22,-0.11
2024-02-09 08:25:54,205,0.0472583251176,0.0,0,-0.11,-0.22,-0.11
2024-02-09 08:25:54,143,0.035947161956,0.125,0,-0.11,-0.22,-0.11
2024-02-09 08:25:54,143,0.035947161956,0.0,0,-0.11,-0.22,-0.11
2024-02-09 08:25:54,143,0.035947161956,0.0,0,-0.11,-0.22,-0.11
2024-02-09 08:25:54,143,0.035947161956,0.0,0,-0.11,-0.22,-0.11
2024-02-09 08:25:54,145,0.035947161956,0.0,0,-0.11,-0.22,-0.11
2024-02-09 08:25:54,144,0.0636816837735,0.0,0,-0.11,-0.22,-0.11
2024-02-09 08:25:54,198,0.07312177065839999,0.0,0,-0.11,-0.22,-0.11
2024-02-09 08:25:56,198,0.07312177065839999,0.0,0,-0.11,-0.22,-0.11
2024-02-09 08:26:29,192,0.07312177065839999,0.0,0,-0.11,-0.22,-0.11
2024-02-09 08:26:31,287,0.0636816837735,0.0750000029802,0,-0.11,-0.22,-0.11
2024-02-09 08:26:31,193,0.0798859796348,0.0,0,-0.11,-0.22,-0.11
2024-02-09 08:27:31,192,0.0798859796348,0.0,0,-0.11,-0.22,-0.11
2024-02-09 08:27:34,193,0.0798859796348,0.0,0,-0.11,-0.22,-0.11
2024-02-09 08:27:36,287,0.0798859796348,0.0,0,-0.11,-0.22,-0.11
2024-02-09 08:28:57,435,0.076456265671,0.0250000003725,0,-0.11,-0.22,-0.11
2024-02-09 08:28:57,256,0.076456265671,0.0,0,-0.11,-0.22,-0.11
2024-02-09 08:28:57,435,0.076456265671,0.0,0,-0.11,-0.22,-0.11
2024-02-09 08:28:57,434,0.076456265671,0.0,0,-0.11,-0.22,-0.11
2024-02-09 08:28:57,437,0.076456265671,0.0,0,-0.11,-0.22,-0.11
2024-02-09 08:28:57,438,0.030132993465900006,0.524999976158,0,-0.11,-0.22,-0.11
2024-02-09 08:28:57,439,0.030132993465900006,0.0,0,-0.11,-0.22,-0.11
2024-02-09 08:28:57,440,0.030132993465900006,0.0,0,-0.11,-0.22,-0.11
2024-02-09 08:28:57,436,0.031669450356,0.0,0,-0.11,-0.22,-0.11
2024-02-09 08:28:57,433,0.031669450356,0.0,0,-0.11,-0.22,-0.11
2024-02-09 08:28:57,443,0.033593161815900004,0.0,0,-0.11,-0.22,-0.11
2024-02-09 08:28:57,431,0.031669450356,0.0250000003725,0,-0.11,-0.22,-0.11
2024-02-09 08:28:57,189,0.034202592882400004,0.0750000029802,0,-0.11,-0.22,-0.11
2024-02-09 08:28:57,245,0.042797749641000006,0.10000000149,0,-0.11,-0.22,-0.11
2024-02-09 08:28:57,442,0.0640854350584,0.20000000298,0,-0.11,-0.22,-0.11
2024-02-09 08:28:57,444,0.04441758514309999,0.0,0,-0.11,-0.22,-0.11
2024-02-09 08:28:57,445,0.04441758514309999,0.0,0,-0.11,-0.22,-0.11
2024-02-09 08:28:57,212,0.0376780202064,0.0750000029802,0,-0.11,-0.22,-0.11
2024-02-09 08:28:57,195,0.0335931590373,0.0500000007451,0,-0.11,-0.22,-0.11
2024-02-09 08:28:57,432,0.0527358454651,0.300000011921,0,-0.11,-0.22,-0.11
2024-02-09 08:28:57,435,0.0527358454651,0.0,0,-0.11,-0.22,-0.11
2024-02-09 08:28:58,594,0.0912513821709,0.324999988079,0,-0.11,-0.22,-0.11
2024-02-09 08:30:38,273,0.19312536878199998,0.600000023842,0,-0.11,-0.22,-0.11
2024-02-09 08:30:38,272,0.170162893358,0.0,0,-0.11,-0.22,-0.11
2024-02-09 08:30:38,274,0.129323693973,0.0,0,-0.11,-0.22,-0.11
2024-02-09 08:30:38,196,0.129323693973,0.0,0,-0.11,-0.22,-0.11
2024-02-09 08:30:38,598,0.18142977681800002,0.25,0,-0.11,-0.22,-0.11
2024-02-09 08:30:38,598,0.3024021547,0.524999976158,0,-0.11,-0.22,-0.11
2024-02-09 08:30:38,257,0.287196333195,0.0,0,-0.11,-0.22,-0.11
2024-02-09 08:30:48,257,0.205252252049,0.0,0,-0.11,-0.22,-0.11
2024-02-09 08:30:48,451,0.205252252049,0.0,0,-0.11,-0.22,-0.11
2024-02-09 08:30:48,266,0.134062851032,0.0,0,-0.11,-0.22,-0.11
2024-02-09 08:30:48,352,0.0769065310809,0.25,0,-0.11,-0.22,-0.11
2024-02-09 08:30:48,353,0.0803480083862,0.0250000003725,0,-0.11,-0.22,-0.11
2024-02-09 08:30:48,353,0.0875197242099,0.0500000007451,0,-0.11,-0.22,-0.11
2024-02-09 08:30:48,353,0.0950811283526,0.0500000007451,0,-0.11,-0.22,-0.11
2024-02-09 08:30:48,257,0.0640854343836,0.0250000003725,0,-0.11,-0.22,-0.11
2024-02-09 08:30:48,447,0.0444175856733,0.0,0,-0.11,-0.22,-0.11
2024-02-09 08:30:48,257,0.0444175856733,0.0,0,-0.11,-0.22,-0.11
2024-02-09 08:30:48,448,0.0444175856733,0.0,0,-0.11,-0.22,-0.11
2024-02-09 08:30:48,257,0.0444175856733,0.0,0,-0.11,-0.22,-0.11
2024-02-09 08:30:48,449,0.0444175856733,0.0,0,-0.11,-0.22,-0.11
2024-02-09 08:30:48,257,0.07254689499710001,0.0,0,-0.11,-0.22,-0.11
2024-02-09 08:30:48,446,0.07586386222519999,0.0,0,-0.11,-0.22,-0.11
2024-02-09 08:30:48,450,0.0827836479603,0.0,0,-0.11,-0.22,-0.11
2024-02-09 08:30:48,257,0.09008946511060001,0.0,0,-0.11,-0.22,-0.11
2024-02-09 08:30:48,452,0.09388887604710001,0.0,0,-0.11,-0.22,-0.11
2024-02-09 08:30:48,458,0.09388887604710001,0.0,0,-0.11,-0.22,-0.11
2024-02-09 08:30:48,457,0.09388887604710001,0.0,0,-0.11,-0.22,-0.11
2024-02-09 08:30:48,435,0.031669447687900004,0.550000011921,0,-0.11,-0.22,-0.11
2024-02-09 08:30:48,257,0.0342025956955,0.0750000029802,0,-0.11,-0.22,-0.11
2024-02-09 08:30:48,454,0.0342025956955,0.0,0,-0.11,-0.22,-0.11
2024-02-09 08:30:48,443,0.0342025956955,0.0,0,-0.11,-0.22,-0.11
2024-02-09 08:30:48,257,0.0342025956955,0.0,0,-0.11,-0.22,-0.11
2024-02-09 08:30:48,455,0.0342025956955,0.0,0,-0.11,-0.22,-0.11
2024-02-09 08:30:48,257,0.0342025956955,0.0,0,-0.11,-0.22,-0.11
2024-02-09 08:30:48,456,0.0342025956955,0.0,0,-0.11,-0.22,-0.11
2024-02-09 08:30:48,257,0.0342025956955,0.0,0,-0.11,-0.22,-0.11
2024-02-09 08:31:58,432,0.0342025956955,0.0,0,-0.11,-0.22,-0.11
2024-02-09 08:31:58,431,0.0792758615977,0.0250000003725,0,-0.11,-0.22,-0.11
2024-02-09 08:31:58,433,0.09008946511060001,0.0,0,-0.11,-0.22,-0.11
2024-02-09 08:31:58,445,0.0335931599147,0.5,0,-0.11,-0.22,-0.11
2024-02-09 08:31:58,443,0.0335931599147,0.0,0,-0.11,-0.22,-0.11
2024-02-09 08:31:58,189,0.0735603241792,0.47499999404,0,-0.11,-0.22,-0.11
2024-02-09 08:31:58,245,0.07690653360939999,0.0250000003725,0,-0.11,-0.22,-0.11
2024-02-09 08:31:58,435,0.07690653360939999,0.0,0,-0.11,-0.22,-0.11
2024-02-09 08:31:58,442,0.07690653360939999,0.0,0,-0.11,-0.22,-0.11
2024-02-09 08:31:58,434,0.07690653360939999,0.0,0,-0.11,-0.22,-0.11
2024-02-09 08:31:58,440,0.181429766553,0.574999988079,0,-0.11,-0.22,-0.11
2024-02-09 08:31:58,438,0.17574290559099998,0.0,0,-0.11,-0.22,-0.11
2024-02-09 08:31:58,437,0.17574290559099998,0.0,0,-0.11,-0.22,-0.11
2024-02-09 08:31:58,256,0.17016288141600006,0.47499999404,0,-0.11,-0.22,-0.11
2024-02-09 08:31:58,436,0.17016288141600006,0.0,0,-0.11,-0.22,-0.11
2024-02-09 08:31:58,444,0.0838855002983,0.0,0,-0.11,-0.22,-0.11
2024-02-09 08:31:58,435,0.0803480091661,0.0,0,-0.11,-0.22,-0.11
2024-02-09 08:31:58,439,0.187223804054,0.574999988079,0,-0.11,-0.22,-0.11
2024-02-09 08:31:58,435,0.187223804054,0.0,0,-0.11,-0.22,-0.11
2024-02-09 08:31:58,212,0.19312535413899998,0.0250000003725,0,-0.11,-0.22,-0.11
2024-02-09 08:31:58,195,0.09508112950860001,0.0750000029802,0,-0.11,-0.22,-0.11
2024-02-09 08:31:59,197,0.09508112950860001,0.0,0,-0.11,-0.22,-0.11
2024-02-09 08:31:59,205,0.111393713571,0.10000000149,0,-0.11,-0.22,-0.11
2024-02-09 08:31:59,204,0.047594434603399995,0.0,0,-0.11,-0.22,-0.11
2024-02-09 08:31:59,203,0.047594434603399995,0.0,0,-0.11,-0.22,-0.11
2024-02-09 08:33:39,196,0.047594434603399995,0.0,0,-0.11,-0.22,-0.11
2024-02-09 08:33:39,274,0.0769065333565,0.25,0,-0.11,-0.22,-0.11
2024-02-09 08:33:39,341,0.05543843001630002,0.40000000596,0,-0.11,-0.22,-0.11
2024-02-09 08:33:39,257,0.05823026165690001,0.0250000003725,0,-0.11,-0.22,-0.11
2024-02-09 08:33:39,272,0.05543843001630002,0.0,0,-0.11,-0.22,-0.11
2024-02-09 08:33:39,273,0.0475944360838,0.0,0,-0.11,-0.22,-0.11
2024-02-09 08:33:49,352,0.0475944360838,0.0,0,-0.11,-0.22,-0.11
2024-02-09 08:33:49,266,0.0383369464281,0.0,0,-0.11,-0.22,-0.11
2024-02-09 08:33:49,353,0.0383369464281,0.0,0,-0.11,-0.22,-0.11
2024-02-09 08:33:49,353,0.0383369464281,0.0,0,-0.11,-0.22,-0.11
2024-02-09 08:33:49,446,0.052735844276800004,0.15000000596,0,-0.11,-0.22,-0.11
2024-02-09 08:33:49,257,0.030384679964600002,0.0,0,-0.11,-0.22,-0.11
2024-02-09 08:33:49,353,0.0693241784512,0.0,0,-0.11,-0.22,-0.11
2024-02-09 08:33:49,257,0.0725468945099,0.0,0,-0.11,-0.22,-0.11
2024-02-09 08:33:49,447,0.0725468945099,0.0,0,-0.11,-0.22,-0.11
2024-02-09 08:33:49,457,0.0725468945099,0.0,0,-0.11,-0.22,-0.11
2024-02-09 08:33:49,257,0.04933247325730001,0.20000000298,0,-0.11,-0.22,-0.11
2024-02-09 08:33:49,257,0.04933247325730001,0.0,0,-0.11,-0.22,-0.11
2024-02-09 08:33:49,456,0.04933247325730001,0.0,0,-0.11,-0.22,-0.11
2024-02-09 08:33:49,455,0.04933247325730001,0.0,0,-0.11,-0.22,-0.11
2024-02-09 08:33:49,257,0.066194904732,0.0,0,-0.11,-0.22,-0.11
2024-02-09 08:33:49,443,0.066194904732,0.0,0,-0.11,-0.22,-0.11
2024-02-09 08:33:49,454,0.066194904732,0.0,0,-0.11,-0.22,-0.11
2024-02-09 08:33:49,257,0.066194904732,0.0,0,-0.11,-0.22,-0.11
2024-02-09 08:33:49,458,0.066194904732,0.0,0,-0.11,-0.22,-0.11
2024-02-09 08:33:49,452,0.06925343043189999,0.0,0,-0.11,-0.22,-0.11
2024-02-09 08:33:49,257,0.0970276923726,0.0,0,-0.11,-0.22,-0.11
2024-02-09 08:33:49,451,0.0970276923726,0.0,0,-0.11,-0.22,-0.11
2024-02-09 08:33:49,257,0.0970276923726,0.0,0,-0.11,-0.22,-0.11
2024-02-09 08:33:49,450,0.0970276923726,0.0,0,-0.11,-0.22,-0.11
2024-02-09 08:33:49,257,0.0970276923726,0.0,0,-0.11,-0.22,-0.11
2024-02-09 08:33:49,449,0.0970276923726,0.0,0,-0.11,-0.22,-0.11
2024-02-09 08:33:49,257,0.0970276923726,0.0,0,-0.11,-0.22,-0.11
2024-02-09 08:33:49,448,0.0970276923726,0.0,0,-0.11,-0.22,-0.11
2024-02-09 08:33:49,435,0.0970276923726,0.0,0,-0.11,-0.22,-0.11
2024-02-09 08:34:35,192,0.0789779173663,0.125,0,-0.11,-0.22,-0.11
2024-02-09 08:34:37,287,0.07564568913099999,0.0250000003725,0,-0.11,-0.22,-0.11
2024-02-09 08:34:37,193,0.07564568913099999,0.0,0,-0.11,-0.22,-0.11
2024-02-09 08:35:34,189,0.07564568913099999,0.0,0,-0.11,-0.22,-0.11
2024-02-09 08:35:34,440,0.07564568913099999,0.0,0,-0.11,-0.22,-0.11
2024-02-09 08:35:34,195,0.07564568913099999,0.0,0,-0.11,-0.22,-0.11
2024-02-09 08:35:34,212,0.07564568913099999,0.0,0,-0.11,-0.22,-0.11
2024-02-09 08:35:34,445,0.07564568913099999,0.0,0,-0.11,-0.22,-0.11
2024-02-09 08:35:34,444,0.07564568913099999,0.0,0,-0.11,-0.22,-0.11
2024-02-09 08:35:34,443,0.07564568913099999,0.0,0,-0.11,-0.22,-0.11
2024-02-09 08:35:34,245,0.0895274327228,0.0250000003725,0,-0.11,-0.22,-0.11
2024-02-09 08:35:34,435,0.0932304193059,0.0,0,-0.11,-0.22,-0.11
2024-02-09 08:35:34,442,0.0932304193059,0.0,0,-0.11,-0.22,-0.11
2024-02-09 08:35:34,439,0.0932304193059,0.0,0,-0.11,-0.22,-0.11
2024-02-09 08:35:34,438,0.0932304193059,0.0,0,-0.11,-0.22,-0.11
2024-02-09 08:35:34,437,0.0932304193059,0.0,0,-0.11,-0.22,-0.11
2024-02-09 08:35:34,256,0.07564568913099999,0.125,0,-0.11,-0.22,-0.11
2024-02-09 08:35:34,436,0.07564568913099999,0.0,0,-0.11,-0.22,-0.11
2024-02-09 08:35:34,435,0.07564568913099999,0.0,0,-0.11,-0.22,-0.11
2024-02-09 08:35:34,435,0.07564568913099999,0.0,0,-0.11,-0.22,-0.11
2024-02-09 08:35:34,434,0.0789779173663,0.0,0,-0.11,-0.22,-0.11
2024-02-09 08:35:34,433,0.0789779173663,0.0,0,-0.11,-0.22,-0.11
2024-02-09 08:35:34,432,0.07564568913099999,0.0250000003725,0,-0.11,-0.22,-0.11
2024-02-09 08:35:34,431,0.07564568913099999,0.0,0,-0.11,-0.22,-0.11
2024-02-09 08:35:35,196,0.0724044381482,0.0250000003725,0,-0.11,-0.22,-0.11
2024-02-09 08:35:35,274,0.0724044381482,0.0,0,-0.11,-0.22,-0.11
2024-02-09 08:35:35,272,0.0895274327228,0.0,0,-0.11,-0.22,-0.11
2024-02-09 08:35:35,622,0.0895274327228,0.0,0,-0.11,-0.22,-0.11
2024-02-09 08:35:35,273,0.042525934626,0.40000000596,0,-0.11,-0.22,-0.11
2024-02-09 08:35:35,257,0.042525934626,0.0,0,-0.11,-0.22,-0.11
2024-02-09 08:35:45,266,0.042525934626,0.0,0,-0.11,-0.22,-0.11
2024-02-09 08:35:45,458,0.042525934626,0.0,0,-0.11,-0.22,-0.11
2024-02-09 08:35:45,457,0.0448209026609,0.0,0,-0.11,-0.22,-0.11
2024-02-09 08:35:45,257,0.0316102187909,0.20000000298,0,-0.11,-0.22,-0.11
2024-02-09 08:35:45,352,0.030403243675,0.0,0,-0.11,-0.22,-0.11
2024-02-09 08:35:45,456,0.0316102187909,0.0250000003725,0,-0.11,-0.22,-0.11
2024-02-09 08:35:45,455,0.0316102187909,0.0,0,-0.11,-0.22,-0.11
2024-02-09 08:35:45,257,0.0316102187909,0.0,0,-0.11,-0.22,-0.11
2024-02-09 08:35:45,443,0.0661919069479,0.0,0,-0.11,-0.22,-0.11
2024-02-09 08:35:45,454,0.0661919069479,0.0,0,-0.11,-0.22,-0.11
2024-02-09 08:35:45,257,0.0661919069479,0.0,0,-0.11,-0.22,-0.11
2024-02-09 08:35:45,435,0.0661919069479,0.0,0,-0.11,-0.22,-0.11
2024-02-09 08:35:45,452,0.0661919069479,0.0,0,-0.11,-0.22,-0.11
2024-02-09 08:35:45,257,0.0932304193059,0.0,0,-0.11,-0.22,-0.11
2024-02-09 08:35:45,257,0.0361184857259,0.5,0,-0.11,-0.22,-0.11
2024-02-09 08:35:45,451,0.038175833994699995,0.0,0,-0.11,-0.22,-0.11
2024-02-09 08:35:45,353,0.0361184857259,0.0250000003725,0,-0.11,-0.22,-0.11
2024-02-09 08:35:45,353,0.037475909984199994,0.17499999702,0,-0.11,-0.22,-0.11
2024-02-09 08:35:45,353,0.037475909984199994,0.0,0,-0.11,-0.22,-0.11
2024-02-09 08:35:45,257,0.037475909984199994,0.0,0,-0.11,-0.22,-0.11
2024-02-09 08:35:45,257,0.037475909984199994,0.0,0,-0.11,-0.22,-0.11
2024-02-09 08:35:45,448,0.037475909984199994,0.0,0,-0.11,-0.22,-0.11
2024-02-09 08:35:45,447,0.037475909984199994,0.0,0,-0.11,-0.22,-0.11
2024-02-09 08:35:45,449,0.037475909984199994,0.0,0,-0.11,-0.22,-0.11
2024-02-09 08:35:45,257,0.06619190762230001,0.0250000003725,0,-0.11,-0.22,-0.11
2024-02-09 08:35:45,450,0.06619190762230001,0.0,0,-0.11,-0.22,-0.11
2024-02-09 08:35:45,446,0.0692534311262,0.0,0,-0.11,-0.22,-0.11
2024-02-09 08:35:45,257,0.040311276696699996,0.449999988079,0,-0.11,-0.22,-0.11
2024-02-09 08:35:45,257,0.0713356699118,0.550000011921,0,-0.11,-0.22,-0.11
2024-02-09 08:36:20,435,0.0713356699118,0.0,0,-0.11,-0.22,-0.11
2024-02-09 08:36:20,431,0.0713356699118,0.0,0,-0.11,-0.22,-0.11
2024-02-09 08:36:20,432,0.0713356699118,0.0,0,-0.11,-0.22,-0.11
2024-02-09 08:36:20,433,0.14352969527599999,0.449999988079,0,-0.11,-0.22,-0.11
2024-02-09 08:36:20,434,0.14352969527599999,0.0,0,-0.11,-0.22,-0.11
2024-02-09 08:36:20,212,0.13869375593,0.0,0,-0.11,-0.22,-0.11
2024-02-09 08:36:20,445,0.13869375593,0.0,0,-0.11,-0.22,-0.11
2024-02-09 08:36:20,444,0.13869375593,0.0,0,-0.11,-0.22,-0.11
2024-02-09 08:36:20,443,0.0682148150765,0.0,0,-0.11,-0.22,-0.11
2024-02-09 08:36:20,435,0.0425259363059,0.0,0,-0.11,-0.22,-0.11
2024-02-09 08:36:20,442,0.0425259363059,0.0,0,-0.11,-0.22,-0.11
2024-02-09 08:36:20,440,0.0304032447439,0.15000000596,0,-0.11,-0.22,-0.11
2024-02-09 08:36:20,439,0.0304032447439,0.0,0,-0.11,-0.22,-0.11
2024-02-09 08:36:20,438,0.07564568839639997,0.0,0,-0.11,-0.22,-0.11
2024-02-09 08:36:20,437,0.07564568839639997,0.0,0,-0.11,-0.22,-0.11
2024-02-09 08:36:20,436,0.07564568839639997,0.0,0,-0.11,-0.22,-0.11
2024-02-09 08:36:20,245,0.0692534299691,0.0500000007451,0,-0.11,-0.22,-0.11
2024-02-09 08:36:20,435,0.0692534299691,0.0,0,-0.11,-0.22,-0.11
2024-02-09 08:36:20,256,0.032233400683400006,0.375,0,-0.11,-0.22,-0.11
2024-02-09 08:36:20,203,0.035444543702300005,0.10000000149,0,-0.11,-0.22,-0.11
2024-02-09 08:36:20,197,0.035444543702300005,0.0,0,-0.11,-0.22,-0.11
2024-02-09 08:36:20,189,0.0361184855755,0.0,0,-0.11,-0.22,-0.11
2024-02-09 08:36:20,205,0.0361184855755,0.0,0,-0.11,-0.22,-0.11
2024-02-09 08:36:20,204,0.0361184855755,0.0,0,-0.11,-0.22,-0.11
2024-02-09 08:36:20,195,0.0361184855755,0.0,0,-0.11,-0.22,-0.11
2024-02-09 08:38:00,196,0.0361184855755,0.0,0,-0.11,-0.22,-0.11
2024-02-09 08:38:00,257,0.0341380721193,0.0750000029802,0,-0.11,-0.22,-0.11
2024-02-09 08:38:00,272,0.0334897143293,0.10000000149,0,-0.11,-0.22,-0.11
2024-02-09 08:38:00,273,0.0548245185694,0.0500000007451,0,-0.11,-0.22,-0.11
2024-02-09 08:38:00,274,0.0381758330576,0.27500000596,0,-0.11,-0.22,-0.11
2024-02-09 08:38:00,341,0.036118484823500004,0.0250000003725,0,-0.11,-0.22,-0.11
2024-02-09 08:38:10,257,0.0339659570079,0.0,0,-0.11,-0.22,-0.11
2024-02-09 08:38:10,446,0.0339659570079,0.0,0,-0.11,-0.22,-0.11
2024-02-09 08:38:10,352,0.0339659570079,0.0,0,-0.11,-0.22,-0.11
2024-02-09 08:38:10,266,0.0604808638896,0.375,0,-0.11,-0.22,-0.11
2024-02-09 08:38:10,353,0.0604808638896,0.0,0,-0.11,-0.22,-0.11
2024-02-09 08:38:10,353,0.0521769648246,0.0,0,-0.11,-0.22,-0.11
2024-02-09 08:38:10,447,0.0446624316235,0.0250000003725,0,-0.11,-0.22,-0.11
2024-02-09 08:38:10,353,0.0400773309746,0.0,0,-0.11,-0.22,-0.11
2024-02-09 08:38:10,448,0.0380733786971,0.0500000007451,0,-0.11,-0.22,-0.11
2024-02-09 08:38:10,257,0.0380733786971,0.0250000003725,0,-0.11,-0.22,-0.11
2024-02-09 08:38:10,458,0.0380733786971,0.0,0,-0.11,-0.22,-0.11
2024-02-09 08:38:10,257,0.035979694963099995,0.0250000003725,0,-0.11,-0.22,-0.11
2024-02-09 08:38:10,435,0.035979694963099995,0.0,0,-0.11,-0.22,-0.11
2024-02-09 08:38:10,257,0.0764039854745,0.0,0,-0.11,-0.22,-0.11
2024-02-09 08:38:10,454,0.0764039854745,0.0,0,-0.11,-0.22,-0.11
2024-02-09 08:38:10,443,0.0764039854745,0.0,0,-0.11,-0.22,-0.11
2024-02-09 08:38:10,257,0.07982497369989999,0.0,0,-0.11,-0.22,-0.11
2024-02-09 08:38:10,455,0.07982497369989999,0.0,0,-0.11,-0.22,-0.11
2024-02-09 08:38:10,457,0.0869543373033,0.0,0,-0.11,-0.22,-0.11
2024-02-09 08:38:10,456,0.0906641270143,0.0,0,-0.11,-0.22,-0.11
2024-02-09 08:38:10,452,0.0906641270143,0.0,0,-0.11,-0.22,-0.11
2024-02-09 08:38:10,257,0.0906641270143,0.0250000003725,0,-0.11,-0.22,-0.11
2024-02-09 08:38:10,451,0.0906641270143,0.0,0,-0.11,-0.22,-0.11
2024-02-09 08:38:10,257,0.0448462375038,0.375,0,-0.11,-0.22,-0.11
2024-02-09 08:38:10,450,0.0448462375038,0.0,0,-0.11,-0.22,-0.11
2024-02-09 08:38:10,257,0.042505473892900006,0.0250000003725,0,-0.11,-0.22,-0.11
2024-02-09 08:38:10,449,0.042505473892900006,0.0,0,-0.11,-0.22,-0.11
2024-02-09 08:38:10,257,0.042505473892900006,0.0,0,-0.11,-0.22,-0.11
2024-02-09 08:38:10,257,0.0359796948101,0.0750000029802,0,-0.11,-0.22,-0.11
2024-02-09 08:39:15,192,0.0359796948101,0.0,0,-0.11,-0.22,-0.11
2024-02-09 08:39:17,193,0.0359796948101,0.0,0,-0.11,-0.22,-0.11
2024-02-09 08:39:18,287,0.0339659575963,0.0500000007451,0,-0.11,-0.22,-0.11
2024-02-09 08:40:05,189,0.0320308983352,0.0250000003725,0,-0.11,-0.22,-0.11
2024-02-09 08:40:05,205,0.0698456663512,0.0,0,-0.11,-0.22,-0.11
2024-02-09 08:40:05,204,0.0698456663512,0.0,0,-0.11,-0.22,-0.11
2024-02-09 08:40:05,203,0.0730778070567,0.0,0,-0.11,-0.22,-0.11
2024-02-09 08:40:05,443,0.030173210142099997,0.425000011921,0,-0.11,-0.22,-0.11
2024-02-09 08:40:05,197,0.030173210142099997,0.0,0,-0.11,-0.22,-0.11
2024-02-09 08:40:05,245,0.0359796940451,0.0,0,-0.11,-0.22,-0.11
2024-02-09 08:40:05,432,0.0359796940451,0.0,0,-0.11,-0.22,-0.11
2024-02-09 08:40:05,431,0.0359796940451,0.0,0,-0.11,-0.22,-0.11
2024-02-09 08:40:05,195,0.0339659567137,0.0750000029802,0,-0.11,-0.22,-0.11
2024-02-09 08:40:05,433,0.0359796938921,0.0,0,-0.11,-0.22,-0.11
2024-02-09 08:40:05,434,0.0359796938921,0.0,0,-0.11,-0.22,-0.11
2024-02-09 08:40:05,444,0.0359796938921,0.0,0,-0.11,-0.22,-0.11
2024-02-09 08:40:05,435,0.0359796938921,0.0,0,-0.11,-0.22,-0.11
2024-02-09 08:40:05,435,0.0833415174608,0.0,0,-0.11,-0.22,-0.11
2024-02-09 08:40:05,445,0.0798249734415,0.0250000003725,0,-0.11,-0.22,-0.11
2024-02-09 08:40:05,435,0.0301732114977,0.47499999404,0,-0.11,-0.22,-0.11
2024-02-09 08:40:05,436,0.0301732114977,0.0,0,-0.11,-0.22,-0.11
2024-02-09 08:40:05,256,0.031884667653,0.0250000003725,0,-0.11,-0.22,-0.11
2024-02-09 08:40:05,437,0.0339659583317,0.0,0,-0.11,-0.22,-0.11
2024-02-09 08:40:05,212,0.060480861943300004,0.375,0,-0.11,-0.22,-0.11
2024-02-09 08:40:05,438,0.060480861943300004,0.0,0,-0.11,-0.22,-0.11
2024-02-09 08:40:05,439,0.063428772033,0.0250000003725,0,-0.11,-0.22,-0.11
2024-02-09 08:40:05,440,0.063428772033,0.0,0,-0.11,-0.22,-0.11
2024-02-09 08:40:05,442,0.11905730167199999,0.375,0,-0.11,-0.22,-0.11
2024-02-09 08:41:45,257,0.11465905219900001,0.0,0,-0.11,-0.22,-0.11
2024-02-09 08:41:45,196,0.060480862808300014,0.10000000149,0,-0.11,-0.22,-0.11
2024-02-09 08:41:45,341,0.0664681656773,0.0500000007451,0,-0.11,-0.22,-0.11
2024-02-09 08:41:45,272,0.0634287729251,0.0,0,-0.11,-0.22,-0.11
2024-02-09 08:41:45,273,0.0634287729251,0.0,0,-0.11,-0.22,-0.11
2024-02-09 08:41:45,274,0.0320308984765,0.0,0,-0.11,-0.22,-0.11
2024-02-09 08:41:55,352,0.0320308984765,0.0,0,-0.11,-0.22,-0.11
2024-02-09 08:41:55,446,0.0320308984765,0.0250000003725,0,-0.11,-0.22,-0.11
2024-02-09 08:41:55,266,0.0320308984765,0.0,0,-0.11,-0.22,-0.11
2024-02-09 08:41:55,257,0.0698456665885,0.0,0,-0.11,-0.22,-0.11
2024-02-09 08:41:55,353,0.0698456665885,0.0,0,-0.11,-0.22,-0.11
2024-02-09 08:41:55,457,0.08334151772639999,0.0,0,-0.11,-0.22,-0.11
2024-02-09 08:41:55,458,0.0906641270143,0.0,0,-0.11,-0.22,-0.11
2024-02-09 08:41:55,456,0.0906641270143,0.0,0,-0.11,-0.22,-0.11
2024-02-09 08:41:55,455,0.0906641270143,0.0,0,-0.11,-0.22,-0.11
2024-02-09 08:41:55,257,0.0906641270143,0.0,0,-0.11,-0.22,-0.11
2024-02-09 08:41:55,443,0.0906641270143,0.0,0,-0.11,-0.22,-0.11
2024-02-09 08:41:55,454,0.094471557102,0.0,0,-0.11,-0.22,-0.11
2024-02-09 08:41:55,257,0.0402482413839,0.449999988079,0,-0.11,-0.22,-0.11
2024-02-09 08:41:55,435,0.0402482413839,0.0,0,-0.11,-0.22,-0.11
2024-02-09 08:41:55,452,0.0402482413839,0.0,0,-0.11,-0.22,-0.11
2024-02-09 08:41:55,257,0.0402482413839,0.0,0,-0.11,-0.22,-0.11
2024-02-09 08:41:55,451,0.0402482413839,0.0,0,-0.11,-0.22,-0.11
2024-02-09 08:41:55,257,0.0380733798101,0.0250000003725,0,-0.11,-0.22,-0.11
2024-02-09 08:41:55,450,0.0380733798101,0.0,0,-0.11,-0.22,-0.11
2024-02-09 08:41:55,257,0.0359796960341,0.0250000003725,0,-0.11,-0.22,-0.11
2024-02-09 08:41:55,449,0.0359796960341,0.0,0,-0.11,-0.22,-0.11
2024-02-09 08:41:55,257,0.0359796960341,0.0,0,-0.11,-0.22,-0.11
2024-02-09 08:41:55,448,0.0869543373033,0.0,0,-0.11,-0.22,-0.11
2024-02-09 08:41:55,447,0.06984566682589999,0.125,0,-0.11,-0.22,-0.11
2024-02-09 08:41:55,257,0.06984566682589999,0.0,0,-0.11,-0.22,-0.11
2024-02-09 08:41:55,353,0.0523807485168,0.15000000596,0,-0.11,-0.22,-0.11
2024-02-09 08:41:55,353,0.0523807485168,0.0,0,-0.11,-0.22,-0.11
2024-02-09 08:41:55,257,0.055066498502699984,0.0,0,-0.11,-0.22,-0.11
2024-02-09 08:41:55,257,0.055066498502699984,0.0,0,-0.11,-0.22,-0.11
2024-02-09 08:43:11,192,0.057841039449699996,0.0,0,-0.11,-0.22,-0.11
2024-02-09 08:43:14,193,0.057841039449699996,0.0,0,-0.11,-0.22,-0.11
2024-02-09 08:43:16,287,0.057841039449699996,0.0,0,-0.11,-0.22,-0.11
2024-02-09 08:44:16,445,0.057841039449699996,0.0,0,-0.11,-0.22,-0.11
2024-02-09 08:44:16,212,0.0730778068124,0.0,0,-0.11,-0.22,-0.11
2024-02-09 08:44:16,257,0.0730778068124,0.0,0,-0.11,-0.22,-0.11
2024-02-09 08:44:16,444,0.094471557102,0.0,0,-0.11,-0.22,-0.11
2024-02-09 08:44:16,272,0.094471557102,0.0,0,-0.11,-0.22,-0.11
2024-02-09 08:44:16,189,0.0944872308117,0.0,0,-0.11,-0.22,-0.11
2024-02-09 08:44:16,443,0.0944872308117,0.0,0,-0.11,-0.22,-0.11
2024-02-09 08:44:16,273,0.0944872308117,0.0,0,-0.11,-0.22,-0.11
2024-02-09 08:44:16,245,0.0944872308117,0.0,0,-0.11,-0.22,-0.11
2024-02-09 08:44:16,438,0.0944872308117,0.0,0,-0.11,-0.22,-0.11
2024-02-09 08:44:16,442,0.0944872308117,0.0,0,-0.11,-0.22,-0.11
2024-02-09 08:44:16,196,0.09055120850710001,0.0250000003725,0,-0.11,-0.22,-0.11
2024-02-09 08:44:16,195,0.09055120850710001,0.0,0,-0.11,-0.22,-0.11
2024-02-09 08:44:16,622,0.0389116708511,0.425000011921,0,-0.11,-0.22,-0.11
2024-02-09 08:44:16,435,0.0705334122502,0.5,0,-0.11,-0.22,-0.11
2024-02-09 08:44:16,432,0.0705334122502,0.0,0,-0.11,-0.22,-0.11
2024-02-09 08:44:16,433,0.07389834999910001,0.0250000003725,0,-0.11,-0.22,-0.11
2024-02-09 08:44:16,434,0.07389834999910001,0.0,0,-0.11,-0.22,-0.11
2024-02-09 08:44:16,431,0.07389834999910001,0.0,0,-0.11,-0.22,-0.11
2024-02-09 08:44:16,435,0.07389834999910001,0.0,0,-0.11,-0.22,-0.11
2024-02-09 08:44:16,435,0.07389834999910001,0.0,0,-0.11,-0.22,-0.11
2024-02-09 08:44:16,436,0.0705334122502,0.0,0,-0.11,-0.22,-0.11
2024-02-09 08:44:16,256,0.07389834999910001,0.0250000003725,0,-0.11,-0.22,-0.11
2024-02-09 08:44:16,437,0.030636776602,0.0,0,-0.11,-0.22,-0.11
2024-02-09 08:44:16,439,0.0867195817685,0.0,0,-0.11,-0.22,-0.11
2024-02-09 08:44:16,440,0.0867195817685,0.0,0,-0.11,-0.22,-0.11
2024-02-09 08:44:17,274,0.056800573029999996,0.25,0,-0.11,-0.22,-0.11
2024-02-09 08:44:27,257,0.0460295606658,0.10000000149,0,-0.11,-0.22,-0.11
2024-02-09 08:44:27,448,0.0460295606658,0.0,0,-0.11,-0.22,-0.11
2024-02-09 08:44:27,257,0.0460295606658,0.0,0,-0.11,-0.22,-0.11
2024-02-09 08:44:27,447,0.0460295606658,0.0,0,-0.11,-0.22,-0.11
2024-02-09 08:44:27,257,0.0435674706305,0.0250000003725,0,-0.11,-0.22,-0.11
2024-02-09 08:44:27,353,0.0610342913918,0.5,0,-0.11,-0.22,-0.11
2024-02-09 08:44:27,449,0.0610342913918,0.0,0,-0.11,-0.22,-0.11
2024-02-09 08:44:27,257,0.0610342913918,0.0,0,-0.11,-0.22,-0.11
2024-02-09 08:44:27,450,0.0610342913918,0.0,0,-0.11,-0.22,-0.11
2024-02-09 08:44:27,446,0.100319862523,0.524999976158,0,-0.11,-0.22,-0.11
2024-02-09 08:44:27,352,0.10881297419500001,0.15000000596,0,-0.11,-0.22,-0.11
2024-02-09 08:44:27,266,0.152412718482,0.22499999403999998,0,-0.11,-0.22,-0.11
2024-02-09 08:44:27,257,0.152412718482,0.0,0,-0.11,-0.22,-0.11
2024-02-09 08:44:27,353,0.152412718482,0.0,0,-0.11,-0.22,-0.11
2024-02-09 08:44:27,458,0.14712629205299999,0.0,0,-0.11,-0.22,-0.11
2024-02-09 08:44:27,457,0.0641023060682,0.0,0,-0.11,-0.22,-0.11
2024-02-09 08:44:27,257,0.0672683646117,0.0250000003725,0,-0.11,-0.22,-0.11
2024-02-09 08:44:27,456,0.0672683646117,0.0,0,-0.11,-0.22,-0.11
2024-02-09 08:44:27,353,0.0922510975078,0.17499999702,0,-0.11,-0.22,-0.11
2024-02-09 08:44:27,257,0.0580633362954,0.27500000596,0,-0.11,-0.22,-0.11
2024-02-09 08:44:27,443,0.042216565735,0.0,0,-0.11,-0.22,-0.11
2024-02-09 08:44:27,455,0.0367153956928,0.0,0,-0.11,-0.22,-0.11
2024-02-09 08:44:27,454,0.0367153956928,0.0,0,-0.11,-0.22,-0.11
2024-02-09 08:44:27,257,0.0346050875333,0.0250000003725,0,-0.11,-0.22,-0.11
2024-02-09 08:44:27,435,0.0346050875333,0.0,0,-0.11,-0.22,-0.11
2024-02-09 08:44:27,452,0.0346050875333,0.0,0,-0.11,-0.22,-0.11
2024-02-09 08:44:27,257,0.0672683665282,0.449999988079,0,-0.11,-0.22,-0.11
2024-02-09 08:44:27,451,0.0672683665282,0.0,0,-0.11,-0.22,-0.11
2024-02-09 08:44:27,257,0.0497225274048,0.0250000003725,0,-0.11,-0.22,-0.11
2024-02-09 08:45:31,204,0.0334505530844,0.10000000149,0,-0.11,-0.22,-0.11
2024-02-09 08:45:31,203,0.0334505530844,0.0,0,-0.11,-0.22,-0.11
2024-02-09 08:45:31,197,0.0334505530844,0.0,0,-0.11,-0.22,-0.11
2024-02-09 08:45:31,195,0.0334505530844,0.0,0,-0.11,-0.22,-0.11
2024-02-09 08:45:31,205,0.0314719681833,0.0,0,-0.11,-0.22,-0.11
2024-02-09 08:45:31,431,0.0705334092865,0.375,0,-0.11,-0.22,-0.11
2024-02-09 08:45:31,439,0.0705334092865,0.0,0,-0.11,-0.22,-0.11
2024-02-09 08:45:31,212,0.0346050876873,0.0,0,-0.11,-0.22,-0.11
2024-02-09 08:45:31,445,0.0346050876873,0.0,0,-0.11,-0.22,-0.11
2024-02-09 08:45:31,444,0.036715395853199995,0.0,0,-0.11,-0.22,-0.11
2024-02-09 08:45:31,443,0.0460295608526,0.0,0,-0.11,-0.22,-0.11
2024-02-09 08:45:31,245,0.036715395853199995,0.10000000149,0,-0.11,-0.22,-0.11
2024-02-09 08:45:31,435,0.036715395853199995,0.0,0,-0.11,-0.22,-0.11
2024-02-09 08:45:31,442,0.036715395853199995,0.0,0,-0.11,-0.22,-0.11
2024-02-09 08:45:31,440,0.036715395853199995,0.0,0,-0.11,-0.22,-0.11
2024-02-09 08:45:31,438,0.07936651721089999,0.0,0,-0.11,-0.22,-0.11
2024-02-09 08:45:31,437,0.07936651721089999,0.0,0,-0.11,-0.22,-0.11
2024-02-09 08:45:31,256,0.0658785421091,0.10000000149,0,-0.11,-0.22,-0.11
2024-02-09 08:45:31,436,0.0658785421091,0.0,0,-0.11,-0.22,-0.11
2024-02-09 08:45:31,435,0.0658785421091,0.0,0,-0.11,-0.22,-0.11
2024-02-09 08:45:31,435,0.0658785421091,0.0,0,-0.11,-0.22,-0.11
2024-02-09 08:45:31,434,0.07936651721089999,0.0,0,-0.11,-0.22,-0.11
2024-02-09 08:45:31,432,0.07936651721089999,0.0,0,-0.11,-0.22,-0.11
2024-02-09 08:45:31,433,0.07936651721089999,0.0,0,-0.11,-0.22,-0.11
2024-02-09 08:45:31,189,0.06910039787819999,0.0750000029802,0,-0.11,-0.22,-0.11
2024-02-09 08:47:11,341,0.06910039787819999,0.0,0,-0.11,-0.22,-0.11
2024-02-09 08:47:11,196,0.06910039787819999,0.0,0,-0.11,-0.22,-0.11
2024-02-09 08:47:11,274,0.0829916078517,0.0,0,-0.11,-0.22,-0.11
2024-02-09 08:47:11,272,0.0829916078517,0.0,0,-0.11,-0.22,-0.11
2024-02-09 08:47:11,273,0.0829916078517,0.0,0,-0.11,-0.22,-0.11
2024-02-09 08:47:11,257,0.0829916078517,0.0,0,-0.11,-0.22,-0.11
2024-02-09 08:47:21,452,0.0829916078517,0.0,0,-0.11,-0.22,-0.11
2024-02-09 08:47:21,454,0.0829916078517,0.0,0,-0.11,-0.22,-0.11
2024-02-09 08:47:21,257,0.0539671374955,0.22499999403999998,0,-0.11,-0.22,-0.11
2024-02-09 08:47:21,455,0.0627552651657,0.0,0,-0.11,-0.22,-0.11
2024-02-09 08:47:21,257,0.0597296064236,0.0250000003725,0,-0.11,-0.22,-0.11
2024-02-09 08:47:21,458,0.0597296064236,0.0,0,-0.11,-0.22,-0.11
2024-02-09 08:47:21,435,0.043567470810500004,0.15000000596,0,-0.11,-0.22,-0.11
2024-02-09 08:47:21,443,0.043567470810500004,0.0,0,-0.11,-0.22,-0.11
2024-02-09 08:47:21,456,0.043567470810500004,0.0,0,-0.11,-0.22,-0.11
2024-02-09 08:47:21,257,0.043567470810500004,0.0,0,-0.11,-0.22,-0.11
2024-02-09 08:47:21,257,0.030636776177,0.15000000596,0,-0.11,-0.22,-0.11
2024-02-09 08:47:21,257,0.030636776177,0.0,0,-0.11,-0.22,-0.11
2024-02-09 08:47:21,446,0.05122823071819999,0.0,0,-0.11,-0.22,-0.11
2024-02-09 08:47:21,352,0.046029559544900005,0.0500000007451,0,-0.11,-0.22,-0.11
2024-02-09 08:47:21,266,0.0551884305019,0.47499999404,0,-0.11,-0.22,-0.11
2024-02-09 08:47:21,353,0.0551884305019,0.0,0,-0.11,-0.22,-0.11
2024-02-09 08:47:21,353,0.039894571227800005,0.0,0,-0.11,-0.22,-0.11
2024-02-09 08:47:21,257,0.039894571227800005,0.0,0,-0.11,-0.22,-0.11
2024-02-09 08:47:21,447,0.040424305712599994,0.0,0,-0.11,-0.22,-0.11
2024-02-09 08:47:21,353,0.0452869090258,0.0500000007451,0,-0.11,-0.22,-0.11
2024-02-09 08:47:21,448,0.035927056947699994,0.0500000007451,0,-0.11,-0.22,-0.11
2024-02-09 08:47:21,257,0.035927056947699994,0.0,0,-0.11,-0.22,-0.11
2024-02-09 08:47:21,451,0.035927056947699994,0.0,0,-0.11,-0.22,-0.11
2024-02-09 08:47:21,257,0.031783859548200004,0.0,0,-0.11,-0.22,-0.11
2024-02-09 08:47:21,450,0.0800011617199,0.0,0,-0.11,-0.22,-0.11
2024-02-09 08:47:21,457,0.0800011617199,0.0,0,-0.11,-0.22,-0.11
2024-02-09 08:47:21,449,0.0800011617199,0.0,0,-0.11,-0.22,-0.11
2024-02-09 08:47:21,257,0.07290013322200001,0.0500000007451,0,-0.11,-0.22,-0.11
2024-02-09 08:47:21,257,0.059939805817,0.10000000149,0,-0.11,-0.22,-0.11
2024-02-09 08:48:08,440,0.0662155573307,0.0,0,-0.11,-0.22,-0.11
2024-02-09 08:48:08,434,0.07290013322200001,0.0,0,-0.11,-0.22,-0.11
2024-02-09 08:48:08,438,0.07290013322200001,0.0,0,-0.11,-0.22,-0.11
2024-02-09 08:48:08,437,0.07290013322200001,0.0,0,-0.11,-0.22,-0.11
2024-02-09 08:48:08,256,0.07290013322200001,0.0,0,-0.11,-0.22,-0.11
2024-02-09 08:48:08,436,0.07290013322200001,0.0,0,-0.11,-0.22,-0.11
2024-02-09 08:48:08,431,0.0695062522924,0.0250000003725,0,-0.11,-0.22,-0.11
2024-02-09 08:48:08,432,0.0695062522924,0.0,0,-0.11,-0.22,-0.11
2024-02-09 08:48:08,433,0.0763981358113,0.0,0,-0.11,-0.22,-0.11
2024-02-09 08:48:08,439,0.0914489083797,0.0,0,-0.11,-0.22,-0.11
2024-02-09 08:48:08,442,0.0914489083797,0.0,0,-0.11,-0.22,-0.11
2024-02-09 08:48:08,435,0.0914489083797,0.0,0,-0.11,-0.22,-0.11
2024-02-09 08:48:08,435,0.0914489083797,0.0,0,-0.11,-0.22,-0.11
2024-02-09 08:48:08,435,0.0914489083797,0.0,0,-0.11,-0.22,-0.11
2024-02-09 08:48:08,189,0.0800011614475,0.0750000029802,0,-0.11,-0.22,-0.11
2024-02-09 08:48:08,245,0.0800011614475,0.0,0,-0.11,-0.22,-0.11
2024-02-09 08:48:08,443,0.0837100793877,0.0,0,-0.11,-0.22,-0.11
2024-02-09 08:48:08,195,0.0837100793877,0.0,0,-0.11,-0.22,-0.11
2024-02-09 08:48:08,444,0.0837100793877,0.0,0,-0.11,-0.22,-0.11
2024-02-09 08:48:08,445,0.0338119353986,0.524999976158,0,-0.11,-0.22,-0.11
2024-02-09 08:48:08,212,0.045286906768800005,0.125,0,-0.11,-0.22,-0.11
2024-02-09 08:48:09,205,0.059109629040199986,0.125,0,-0.11,-0.22,-0.11
2024-02-09 08:48:09,203,0.059109629040199986,0.0,0,-0.11,-0.22,-0.11
2024-02-09 08:48:09,197,0.059109629040199986,0.0,0,-0.11,-0.22,-0.11
2024-02-09 08:48:09,204,0.05052545275380002,0.0,0,-0.11,-0.22,-0.11
2024-02-09 08:49:49,257,0.059109629040199986,0.0750000029802,0,-0.11,-0.22,-0.11
2024-02-09 08:49:49,273,0.059109629040199986,0.0,0,-0.11,-0.22,-0.11
2024-02-09 08:49:49,341,0.0621692906186,0.0250000003725,0,-0.11,-0.22,-0.11
2024-02-09 08:49:49,196,0.0621692906186,0.0,0,-0.11,-0.22,-0.11
2024-02-09 08:49:49,274,0.0485813319131,0.0,0,-0.11,-0.22,-0.11
2024-02-09 08:49:49,272,0.06302707751799999,0.0,0,-0.11,-0.22,-0.11
2024-02-09 08:49:59,435,0.0569526983285,0.17499999702,0,-0.11,-0.22,-0.11
2024-02-09 08:49:59,452,0.0569526983285,0.0,0,-0.11,-0.22,-0.11
2024-02-09 08:49:59,257,0.0569526983285,0.0,0,-0.11,-0.22,-0.11
2024-02-09 08:49:59,451,0.0569526983285,0.0,0,-0.11,-0.22,-0.11
2024-02-09 08:49:59,257,0.0630270782194,0.0250000003725,0,-0.11,-0.22,-0.11
2024-02-09 08:49:59,450,0.0630270782194,0.0,0,-0.11,-0.22,-0.11
2024-02-09 08:49:59,257,0.0630270782194,0.0250000003725,0,-0.11,-0.22,-0.11
2024-02-09 08:49:59,449,0.0630270782194,0.0,0,-0.11,-0.22,-0.11
2024-02-09 08:49:59,257,0.0630270782194,0.0,0,-0.11,-0.22,-0.11
2024-02-09 08:49:59,448,0.0630270782194,0.0,0,-0.11,-0.22,-0.11
2024-02-09 08:49:59,447,0.0875257265237,0.0,0,-0.11,-0.22,-0.11
2024-02-09 08:49:59,257,0.0875257265237,0.0,0,-0.11,-0.22,-0.11
2024-02-09 08:49:59,353,0.07290013322200001,0.10000000149,0,-0.11,-0.22,-0.11
2024-02-09 08:49:59,353,0.07290013322200001,0.0,0,-0.11,-0.22,-0.11
2024-02-09 08:49:59,443,0.06621555708940001,0.0750000029802,0,-0.11,-0.22,-0.11
2024-02-09 08:49:59,266,0.0569526974531,0.0750000029802,0,-0.11,-0.22,-0.11
2024-02-09 08:49:59,352,0.0599398053645,0.0,0,-0.11,-0.22,-0.11
2024-02-09 08:49:59,446,0.0599398053645,0.0,0,-0.11,-0.22,-0.11
2024-02-09 08:49:59,257,0.0599398053645,0.0,0,-0.11,-0.22,-0.11
2024-02-09 08:49:59,353,0.0569526974531,0.0250000003725,0,-0.11,-0.22,-0.11
2024-02-09 08:49:59,454,0.0569526974531,0.0,0,-0.11,-0.22,-0.11
2024-02-09 08:49:59,455,0.0569526974531,0.0,0,-0.11,-0.22,-0.11
2024-02-09 08:49:59,257,0.0695062517943,0.0,0,-0.11,-0.22,-0.11
2024-02-09 08:49:59,458,0.0695062517943,0.0,0,-0.11,-0.22,-0.11
2024-02-09 08:49:59,457,0.0800011614475,0.0,0,-0.11,-0.22,-0.11
2024-02-09 08:49:59,257,0.0914489083797,0.0,0,-0.11,-0.22,-0.11
2024-02-09 08:49:59,257,0.0763981358113,0.10000000149,0,-0.11,-0.22,-0.11
2024-02-09 08:49:59,257,0.0763981358113,0.0,0,-0.11,-0.22,-0.11
2024-02-09 08:49:59,456,0.0763981358113,0.0,0,-0.11,-0.22,-0.11
2024-02-09 08:50:25,189,0.06950625204330001,0.0750000029802,0,-0.11,-0.22,-0.11
2024-02-09 08:50:25,205,0.06950625204330001,0.0,0,-0.11,-0.22,-0.11
2024-02-09 08:50:25,204,0.06950625204330001,0.0,0,-0.11,-0.22,-0.11
2024-02-09 08:50:25,212,0.06950625204330001,0.0,0,-0.11,-0.22,-0.11
2024-02-09 08:50:25,445,0.0599398053645,0.0750000029802,0,-0.11,-0.22,-0.11
2024-02-09 08:50:25,444,0.0599398053645,0.0,0,-0.11,-0.22,-0.11
2024-02-09 08:50:25,443,0.048581331321800016,0.10000000149,0,-0.11,-0.22,-0.11
2024-02-09 08:50:25,245,0.0599398053645,0.0,0,-0.11,-0.22,-0.11
2024-02-09 08:50:25,203,0.0569526974531,0.0250000003725,0,-0.11,-0.22,-0.11
2024-02-09 08:50:25,435,0.0569526974531,0.0,0,-0.11,-0.22,-0.11
2024-02-09 08:50:25,442,0.0540646708265,0.10000000149,0,-0.11,-0.22,-0.11
2024-02-09 08:50:25,439,0.0540646708265,0.0,0,-0.11,-0.22,-0.11
2024-02-09 08:50:25,440,0.0540646708265,0.0,0,-0.11,-0.22,-0.11
2024-02-09 08:50:25,437,0.0540646708265,0.0,0,-0.11,-0.22,-0.11
2024-02-09 08:50:25,431,0.06302707751799999,0.0,0,-0.11,-0.22,-0.11
2024-02-09 08:50:25,432,0.06302707751799999,0.0,0,-0.11,-0.22,-0.11
2024-02-09 08:50:25,433,0.0763981358113,0.0,0,-0.11,-0.22,-0.11
2024-02-09 08:50:25,434,0.0763981358113,0.0,0,-0.11,-0.22,-0.11
2024-02-09 08:50:25,438,0.0800011617199,0.0,0,-0.11,-0.22,-0.11
2024-02-09 08:50:25,195,0.06950625204330001,0.0750000029802,0,-0.11,-0.22,-0.11
2024-02-09 08:50:25,256,0.0837100793877,0.0,0,-0.11,-0.22,-0.11
2024-02-09 08:50:25,197,0.0837100793877,0.0,0,-0.11,-0.22,-0.11
2024-02-09 08:50:25,436,0.0837100793877,0.0,0,-0.11,-0.22,-0.11
2024-02-09 08:50:25,435,0.0837100793877,0.0,0,-0.11,-0.22,-0.11
2024-02-09 08:50:25,435,0.0837100793877,0.0,0,-0.11,-0.22,-0.11
2024-02-09 08:52:05,257,0.0837100793877,0.0,0,-0.11,-0.22,-0.11
2024-02-09 08:52:05,273,0.0800011614475,0.0250000003725,0,-0.11,-0.22,-0.11
2024-02-09 08:52:05,341,0.0763981355468,0.0250000003725,0,-0.11,-0.22,-0.11
2024-02-09 08:52:05,196,0.0763981355468,0.0,0,-0.11,-0.22,-0.11
2024-02-09 08:52:05,274,0.0845416340048,0.0,0,-0.11,-0.22,-0.11
2024-02-09 08:52:05,272,0.0845416340048,0.0,0,-0.11,-0.22,-0.11
2024-02-09 08:52:16,443,0.0845416340048,0.0,0,-0.11,-0.22,-0.11
2024-02-09 08:52:16,458,0.0845416340048,0.0,0,-0.11,-0.22,-0.11
2024-02-09 08:52:16,457,0.0845416340048,0.0,0,-0.11,-0.22,-0.11
2024-02-09 08:52:16,257,0.0845416340048,0.0,0,-0.11,-0.22,-0.11
2024-02-09 08:52:16,257,0.0845416340048,0.0,0,-0.11,-0.22,-0.11
2024-02-09 08:52:16,456,0.0884535936492,0.0,0,-0.11,-0.22,-0.11
2024-02-09 08:52:16,455,0.0924773355325,0.0,0,-0.11,-0.22,-0.11
2024-02-09 08:52:16,257,0.0924773355325,0.0,0,-0.11,-0.22,-0.11
2024-02-09 08:52:16,454,0.0924773355325,0.0,0,-0.11,-0.22,-0.11
2024-02-09 08:52:16,446,0.0924773355325,0.0,0,-0.11,-0.22,-0.11
2024-02-09 08:52:16,435,0.0924773355325,0.0,0,-0.11,-0.22,-0.11
2024-02-09 08:52:16,257,0.0845416340048,0.0500000007451,0,-0.11,-0.22,-0.11
2024-02-09 08:52:16,448,0.0845416340048,0.0,0,-0.11,-0.22,-0.11
2024-02-09 08:52:16,257,0.038616059312199996,0.375,0,-0.11,-0.22,-0.11
2024-02-09 08:52:16,447,0.038616059312199996,0.0,0,-0.11,-0.22,-0.11
2024-02-09 08:52:16,257,0.0363525548597,0.0250000003725,0,-0.11,-0.22,-0.11
2024-02-09 08:52:16,353,0.030108699938500006,0.0750000029802,0,-0.11,-0.22,-0.11
2024-02-09 08:52:16,353,0.030108699938500006,0.0,0,-0.11,-0.22,-0.11
2024-02-09 08:52:16,353,0.030108699938500006,0.0,0,-0.11,-0.22,-0.11
2024-02-09 08:52:16,266,0.030108699938500006,0.0,0,-0.11,-0.22,-0.11
2024-02-09 08:52:16,352,0.030108699938500006,0.0,0,-0.11,-0.22,-0.11
2024-02-09 08:52:16,450,0.0341687645611,0.10000000149,0,-0.11,-0.22,-0.11
2024-02-09 08:52:16,452,0.0341687645611,0.0,0,-0.11,-0.22,-0.11
2024-02-09 08:52:16,257,0.0633676273737,0.0,0,-0.11,-0.22,-0.11
2024-02-09 08:52:16,451,0.0633676273737,0.0,0,-0.11,-0.22,-0.11
2024-02-09 08:52:16,257,0.06662782625369999,0.0,0,-0.11,-0.22,-0.11
2024-02-09 08:52:16,257,0.0699942219927,0.0500000007451,0,-0.11,-0.22,-0.11
2024-02-09 08:52:16,257,0.0699942219927,0.0,0,-0.11,-0.22,-0.11
2024-02-09 08:52:16,449,0.0633676276126,0.0500000007451,0,-0.11,-0.22,-0.11
2024-02-09 08:52:43,431,0.0633676276126,0.0,0,-0.11,-0.22,-0.11
2024-02-09 08:52:43,432,0.0633676276126,0.0,0,-0.11,-0.22,-0.11
2024-02-09 08:52:43,195,0.0770496494545,0.0,0,-0.11,-0.22,-0.11
2024-02-09 08:52:43,189,0.0734678351684,0.0250000003725,0,-0.11,-0.22,-0.11
2024-02-09 08:52:44,204,0.0734678351684,0.0,0,-0.11,-0.22,-0.11
2024-02-09 08:52:44,197,0.0734678351684,0.0,0,-0.11,-0.22,-0.11
2024-02-09 08:52:44,203,0.0734678351684,0.0,0,-0.11,-0.22,-0.11
2024-02-09 08:52:44,245,0.0699942217379,0.0750000029802,0,-0.11,-0.22,-0.11
2024-02-09 08:52:44,438,0.0386160584517,0.27500000596,0,-0.11,-0.22,-0.11
2024-02-09 08:52:44,439,0.043425516191499994,0.0,0,-0.11,-0.22,-0.11
2024-02-09 08:52:44,440,0.043425516191499994,0.0,0,-0.11,-0.22,-0.11
2024-02-09 08:52:44,442,0.043425516191499994,0.0,0,-0.11,-0.22,-0.11
2024-02-09 08:52:44,435,0.040973226223,0.0250000003725,0,-0.11,-0.22,-0.11
2024-02-09 08:52:44,436,0.043425516191499994,0.0,0,-0.11,-0.22,-0.11
2024-02-09 08:52:44,443,0.043425516191499994,0.0,0,-0.11,-0.22,-0.11
2024-02-09 08:52:44,444,0.043425516191499994,0.0,0,-0.11,-0.22,-0.11
2024-02-09 08:52:44,445,0.043425516191499994,0.0,0,-0.11,-0.22,-0.11
2024-02-09 08:52:44,212,0.04862105878359999,0.0250000003725,0,-0.11,-0.22,-0.11
2024-02-09 08:52:44,435,0.0845416340048,0.0,0,-0.11,-0.22,-0.11
2024-02-09 08:52:44,435,0.0845416340048,0.0,0,-0.11,-0.22,-0.11
2024-02-09 08:52:44,205,0.0301087006642,0.47499999404,0,-0.11,-0.22,-0.11
2024-02-09 08:52:44,437,0.032088539931200005,0.0250000003725,0,-0.11,-0.22,-0.11
2024-02-09 08:52:44,433,0.0301087006642,0.0,0,-0.11,-0.22,-0.11
2024-02-09 08:52:44,434,0.0301087006642,0.0,0,-0.11,-0.22,-0.11
2024-02-09 08:52:44,256,0.038602538017000004,0.10000000149,0,-0.11,-0.22,-0.11
2024-02-09 08:54:24,196,0.04095915324069999,0.0250000003725,0,-0.11,-0.22,-0.11
2024-02-09 08:54:24,274,0.04095915324069999,0.0,0,-0.11,-0.22,-0.11
2024-02-09 08:54:24,341,0.038602538017000004,0.0,0,-0.11,-0.22,-0.11
2024-02-09 08:54:24,257,0.038602538017000004,0.0,0,-0.11,-0.22,-0.11
2024-02-09 08:54:24,273,0.038602538017000004,0.0,0,-0.11,-0.22,-0.11
2024-02-09 08:54:24,272,0.0699942219927,0.0,0,-0.11,-0.22,-0.11
2024-02-09 08:54:34,458,0.0734678351684,0.0,0,-0.11,-0.22,-0.11
2024-02-09 08:54:34,352,0.0699942219927,0.0250000003725,0,-0.11,-0.22,-0.11
2024-02-09 08:54:34,457,0.05716153989180001,0.10000000149,0,-0.11,-0.22,-0.11
2024-02-09 08:54:34,266,0.0699942219927,0.0,0,-0.11,-0.22,-0.11
2024-02-09 08:54:34,353,0.0699942219927,0.0250000003725,0,-0.11,-0.22,-0.11
2024-02-09 08:54:34,353,0.0699942219927,0.0,0,-0.11,-0.22,-0.11
2024-02-09 08:54:34,353,0.0666278265006,0.0250000003725,0,-0.11,-0.22,-0.11
2024-02-09 08:54:34,257,0.0666278265006,0.0,0,-0.11,-0.22,-0.11
2024-02-09 08:54:34,447,0.0666278265006,0.0,0,-0.11,-0.22,-0.11
2024-02-09 08:54:34,257,0.0666278265006,0.0,0,-0.11,-0.22,-0.11
2024-02-09 08:54:34,448,0.0666278265006,0.0,0,-0.11,-0.22,-0.11
2024-02-09 08:54:34,257,0.05716153989180001,0.10000000149,0,-0.11,-0.22,-0.11
2024-02-09 08:54:34,449,0.0699942219927,0.0,0,-0.11,-0.22,-0.11
2024-02-09 08:54:34,257,0.0699942219927,0.0,0,-0.11,-0.22,-0.11
2024-02-09 08:54:34,446,0.0734678351684,0.0,0,-0.11,-0.22,-0.11
2024-02-09 08:54:34,450,0.0734678351684,0.0,0,-0.11,-0.22,-0.11
2024-02-09 08:54:34,451,0.0770496494545,0.0,0,-0.11,-0.22,-0.11
2024-02-09 08:54:34,257,0.0633676276126,0.10000000149,0,-0.11,-0.22,-0.11
2024-02-09 08:54:34,452,0.0633676276126,0.0,0,-0.11,-0.22,-0.11
2024-02-09 08:54:34,435,0.0633676276126,0.0,0,-0.11,-0.22,-0.11
2024-02-09 08:54:34,257,0.040959152703400004,0.449999988079,0,-0.11,-0.22,-0.11
2024-02-09 08:54:34,443,0.0320885394762,0.0,0,-0.11,-0.22,-0.11
2024-02-09 08:54:34,257,0.0320885394762,0.0,0,-0.11,-0.22,-0.11
2024-02-09 08:54:34,455,0.0320885394762,0.0,0,-0.11,-0.22,-0.11
2024-02-09 08:54:34,456,0.0459591359604,0.15000000596,0,-0.11,-0.22,-0.11
2024-02-09 08:54:34,257,0.0459591359604,0.0,0,-0.11,-0.22,-0.11
2024-02-09 08:54:34,257,0.0459591359604,0.0,0,-0.11,-0.22,-0.11
2024-02-09 08:54:34,257,0.0363395772994,0.0,0,-0.11,-0.22,-0.11
2024-02-09 08:54:34,454,0.0363395772994,0.0,0,-0.11,-0.22,-0.11
2024-02-09 08:55:32,435,0.0363395772994,0.0,0,-0.11,-0.22,-0.11
2024-02-09 08:55:32,439,0.06999422148310001,0.0,0,-0.11,-0.22,-0.11
2024-02-09 08:55:32,442,0.06999422148310001,0.0,0,-0.11,-0.22,-0.11
2024-02-09 08:55:32,245,0.0666084384998,0.725000023842,0,-0.11,-0.22,-0.11
2024-02-09 08:55:32,443,0.0666084384998,0.0,0,-0.11,-0.22,-0.11
2024-02-09 08:55:32,212,0.0601944074696,0.10000000149,0,-0.11,-0.22,-0.11
2024-02-09 08:55:32,445,0.0601944074696,0.0,0,-0.11,-0.22,-0.11
2024-02-09 08:55:32,438,0.0601944074696,0.0,0,-0.11,-0.22,-0.11
2024-02-09 08:55:32,189,0.0601944074696,0.0,0,-0.11,-0.22,-0.11
2024-02-09 08:55:32,444,0.0633628046468,0.0,0,-0.11,-0.22,-0.11
2024-02-09 08:55:32,437,0.0633628046468,0.0,0,-0.11,-0.22,-0.11
2024-02-09 08:55:32,440,0.0633628046468,0.0,0,-0.11,-0.22,-0.11
2024-02-09 08:55:32,436,0.0633628046468,0.0,0,-0.11,-0.22,-0.11
2024-02-09 08:55:32,435,0.07587215640839999,0.0,0,-0.11,-0.22,-0.11
2024-02-09 08:55:32,435,0.07587215640839999,0.0,0,-0.11,-0.22,-0.11
2024-02-09 08:55:32,431,0.0915347853993,0.0,0,-0.11,-0.22,-0.11
2024-02-09 08:55:32,434,0.0915347853993,0.0,0,-0.11,-0.22,-0.11
2024-02-09 08:55:32,433,0.0915347853993,0.0,0,-0.11,-0.22,-0.11
2024-02-09 08:55:32,432,0.0915347853993,0.0,0,-0.11,-0.22,-0.11
2024-02-09 08:55:32,195,0.0915347853993,0.0,0,-0.11,-0.22,-0.11
2024-02-09 08:55:32,256,0.0915347853993,0.0,0,-0.11,-0.22,-0.11
2024-02-09 08:55:33,274,0.0915347853993,0.0,0,-0.11,-0.22,-0.11
2024-02-09 08:55:33,272,0.0915347853993,0.0,0,-0.11,-0.22,-0.11
2024-02-09 08:55:33,273,0.0915347853993,0.0,0,-0.11,-0.22,-0.11
2024-02-09 08:55:33,196,0.0722439245477,0.125,0,-0.11,-0.22,-0.11
2024-02-09 08:55:33,257,0.0722439245477,0.0,0,-0.11,-0.22,-0.11
2024-02-09 08:55:33,622,0.031528948234700004,0.40000000596,0,-0.11,-0.22,-0.11
2024-02-09 08:55:43,257,0.08507860298,0.449999988079,0,-0.11,-0.22,-0.11
2024-02-09 08:55:43,257,0.08507860298,0.0,0,-0.11,-0.22,-0.11
2024-02-09 08:55:43,447,0.08507860298,0.0,0,-0.11,-0.22,-0.11
2024-02-09 08:55:43,353,0.08909933200989999,0.0250000003725,0,-0.11,-0.22,-0.11
2024-02-09 08:55:43,352,0.208488551257,0.550000011921,0,-0.11,-0.22,-0.11
2024-02-09 08:55:43,353,0.21537530985800002,0.0250000003725,0,-0.11,-0.22,-0.11
2024-02-09 08:55:43,266,0.21537530985800002,0.0,0,-0.11,-0.22,-0.11
2024-02-09 08:55:43,446,0.229541066891,0.17499999702,0,-0.11,-0.22,-0.11
2024-02-09 08:55:43,448,0.229541066891,0.0,0,-0.11,-0.22,-0.11
2024-02-09 08:55:43,353,0.135886019418,0.0250000003725,0,-0.11,-0.22,-0.11
2024-02-09 08:55:43,257,0.09323728050339998,0.22499999403999998,0,-0.11,-0.22,-0.11
2024-02-09 08:55:43,450,0.09323728050339998,0.0,0,-0.11,-0.22,-0.11
2024-02-09 08:55:43,257,0.09323728050339998,0.0,0,-0.11,-0.22,-0.11
2024-02-09 08:55:43,458,0.08909933352949999,0.0,0,-0.11,-0.22,-0.11
2024-02-09 08:55:43,457,0.0349239458506,0.0,0,-0.11,-0.22,-0.11
2024-02-09 08:55:43,257,0.0371797663553,0.0,0,-0.11,-0.22,-0.11
2024-02-09 08:55:43,257,0.0371797663553,0.0,0,-0.11,-0.22,-0.11
2024-02-09 08:55:43,456,0.0557753347778,0.0,0,-0.11,-0.22,-0.11
2024-02-09 08:55:43,455,0.0557753347778,0.0,0,-0.11,-0.22,-0.11
2024-02-09 08:55:43,443,0.0588498183866,0.0,0,-0.11,-0.22,-0.11
2024-02-09 08:55:43,257,0.0915347853993,0.0,0,-0.11,-0.22,-0.11
2024-02-09 08:55:43,257,0.0915347853993,0.0,0,-0.11,-0.22,-0.11
2024-02-09 08:55:43,435,0.0915347853993,0.0,0,-0.11,-0.22,-0.11
2024-02-09 08:55:43,452,0.0915347853993,0.0,0,-0.11,-0.22,-0.11
2024-02-09 08:55:43,257,0.0915347853993,0.0,0,-0.11,-0.22,-0.11
2024-02-09 08:55:43,451,0.0915347853993,0.0,0,-0.11,-0.22,-0.11
2024-02-09 08:55:43,257,0.08744476982039999,0.0250000003725,0,-0.11,-0.22,-0.11
2024-02-09 08:55:43,454,0.08744476982039999,0.0,0,-0.11,-0.22,-0.11
2024-02-09 08:55:43,449,0.0653253061321,0.15000000596,0,-0.11,-0.22,-0.11
2024-02-09 08:56:09,435,0.0653253061321,0.0,0,-0.11,-0.22,-0.11
2024-02-09 08:56:09,431,0.0653253061321,0.0,0,-0.11,-0.22,-0.11
2024-02-09 08:56:09,432,0.0653253061321,0.0,0,-0.11,-0.22,-0.11
2024-02-09 08:56:09,433,0.0653253061321,0.0,0,-0.11,-0.22,-0.11
2024-02-09 08:56:09,257,0.0381279437637,0.425000011921,0,-0.11,-0.22,-0.11
2024-02-09 08:56:09,212,0.0381279437637,0.0,0,-0.11,-0.22,-0.11
2024-02-09 08:56:09,445,0.0381279437637,0.0,0,-0.11,-0.22,-0.11
2024-02-09 08:56:09,444,0.0358326978054,0.0,0,-0.11,-0.22,-0.11
2024-02-09 08:56:09,443,0.0358326978054,0.0,0,-0.11,-0.22,-0.11
2024-02-09 08:56:09,245,0.037179764467000005,0.0,0,-0.11,-0.22,-0.11
2024-02-09 08:56:09,435,0.031528948848,0.10000000149,0,-0.11,-0.22,-0.11
2024-02-09 08:56:09,442,0.031528948848,0.0,0,-0.11,-0.22,-0.11
2024-02-09 08:56:09,440,0.031528948848,0.0,0,-0.11,-0.22,-0.11
2024-02-09 08:56:09,439,0.031528948848,0.0,0,-0.11,-0.22,-0.11
2024-02-09 08:56:09,438,0.07587215640839999,0.0,0,-0.11,-0.22,-0.11
2024-02-09 08:56:09,437,0.0358326957965,0.47499999404,0,-0.11,-0.22,-0.11
2024-02-09 08:56:09,256,0.08909933413730001,0.425000011921,0,-0.11,-0.22,-0.11
2024-02-09 08:56:09,436,0.08909933413730001,0.0,0,-0.11,-0.22,-0.11
2024-02-09 08:56:09,435,0.08909933413730001,0.0,0,-0.11,-0.22,-0.11
2024-02-09 08:56:09,434,0.08909933413730001,0.0,0,-0.11,-0.22,-0.11
2024-02-09 08:56:09,622,0.176000674533,0.524999976158,0,-0.11,-0.22,-0.11
2024-02-09 08:56:09,273,0.176000674533,0.0,0,-0.11,-0.22,-0.11
2024-02-09 08:56:09,272,0.176000674533,0.0,0,-0.11,-0.22,-0.11
2024-02-09 08:56:09,189,0.176000674533,0.0,0,-0.11,-0.22,-0.11
2024-02-09 08:56:09,274,0.176000674533,0.0,0,-0.11,-0.22,-0.11
2024-02-09 08:56:09,196,0.08117419068010001,0.0,0,-0.11,-0.22,-0.11
2024-02-09 08:56:09,195,0.0315289457814,0.0,0,-0.11,-0.22,-0.11
2024-02-09 08:56:19,257,0.0315289457814,0.0,0,-0.11,-0.22,-0.11
2024-02-09 08:56:19,452,0.0315289457814,0.0,0,-0.11,-0.22,-0.11
2024-02-09 08:56:19,435,0.0315289457814,0.0,0,-0.11,-0.22,-0.11
2024-02-09 08:56:19,457,0.08744476982039999,0.0250000003725,0,-0.11,-0.22,-0.11
2024-02-09 08:56:19,454,0.08744476982039999,0.0,0,-0.11,-0.22,-0.11
2024-02-09 08:56:19,257,0.08744476982039999,0.0,0,-0.11,-0.22,-0.11
2024-02-09 08:56:19,455,0.08744476982039999,0.0,0,-0.11,-0.22,-0.11
2024-02-09 08:56:19,456,0.08744476982039999,0.0,0,-0.11,-0.22,-0.11
2024-02-09 08:56:19,257,0.08744476982039999,0.0,0,-0.11,-0.22,-0.11
2024-02-09 08:56:19,257,0.08744476982039999,0.0,0,-0.11,-0.22,-0.11
2024-02-09 08:56:19,257,0.08744476982039999,0.0,0,-0.11,-0.22,-0.11
2024-02-09 08:56:19,443,0.08744476982039999,0.0,0,-0.11,-0.22,-0.11
2024-02-09 08:56:19,451,0.08744476982039999,0.0,0,-0.11,-0.22,-0.11
2024-02-09 08:56:19,257,0.0915347853993,0.0,0,-0.11,-0.22,-0.11
2024-02-09 08:56:19,450,0.0915347853993,0.0,0,-0.11,-0.22,-0.11
2024-02-09 08:56:19,257,0.0915347853993,0.0,0,-0.11,-0.22,-0.11
2024-02-09 08:56:19,449,0.0915347853993,0.0,0,-0.11,-0.22,-0.11
2024-02-09 08:56:19,257,0.0915347853993,0.0,0,-0.11,-0.22,-0.11
2024-02-09 08:56:19,448,0.0915347853993,0.0,0,-0.11,-0.22,-0.11
2024-02-09 08:56:19,257,0.0915347853993,0.0,0,-0.11,-0.22,-0.11
2024-02-09 08:56:19,447,0.0915347853993,0.0,0,-0.11,-0.22,-0.11
2024-02-09 08:56:19,257,0.0915347853993,0.0,0,-0.11,-0.22,-0.11
2024-02-09 08:56:19,353,0.0834716090665,0.0500000007451,0,-0.11,-0.22,-0.11
2024-02-09 08:56:19,353,0.0834716090665,0.0,0,-0.11,-0.22,-0.11
2024-02-09 08:56:19,446,0.0834716090665,0.0,0,-0.11,-0.22,-0.11
2024-02-09 08:56:19,352,0.07587215640839999,0.0500000007451,0,-0.11,-0.22,-0.11
2024-02-09 08:56:19,266,0.0743902634062,0.0,0,-0.11,-0.22,-0.11
2024-02-09 08:56:19,458,0.0743902634062,0.0,0,-0.11,-0.22,-0.11
2024-02-09 08:56:19,353,0.07085719589049999,0.0250000003725,0,-0.11,-0.22,-0.11
2024-02-09 08:57:05,195,0.0318737453487,0.40000000596,0,-0.11,-0.22,-0.11
2024-02-09 08:57:05,189,0.0318737453487,0.0,0,-0.11,-0.22,-0.11
2024-02-09 08:57:05,212,0.0318737453487,0.0,0,-0.11,-0.22,-0.11
2024-02-09 08:57:05,445,0.0323535389088,0.0,0,-0.11,-0.22,-0.11
2024-02-09 08:57:05,444,0.0323535389088,0.0,0,-0.11,-0.22,-0.11
2024-02-09 08:57:05,443,0.0323535389088,0.0,0,-0.11,-0.22,-0.11
2024-02-09 08:57:05,434,0.0366686939025,0.0,0,-0.11,-0.22,-0.11
2024-02-09 08:57:05,435,0.057099664934999995,0.34999999404,0,-0.11,-0.22,-0.11
2024-02-09 08:57:05,436,0.057099664934999995,0.0,0,-0.11,-0.22,-0.11
2024-02-09 08:57:05,435,0.124494000588,0.449999988079,0,-0.11,-0.22,-0.11
2024-02-09 08:57:05,435,0.060176770149600003,0.0,0,-0.11,-0.22,-0.11
2024-02-09 08:57:05,256,0.060176770149600003,0.0,0,-0.11,-0.22,-0.11
2024-02-09 08:57:05,438,0.060176770149600003,0.0,0,-0.11,-0.22,-0.11
2024-02-09 08:57:05,437,0.060176770149600003,0.0,0,-0.11,-0.22,-0.11
2024-02-09 08:57:05,431,0.060176770149600003,0.0,0,-0.11,-0.22,-0.11
2024-02-09 08:57:05,432,0.060176770149600003,0.0,0,-0.11,-0.22,-0.11
2024-02-09 08:57:05,433,0.060176770149600003,0.0,0,-0.11,-0.22,-0.11
2024-02-09 08:57:05,440,0.08869683662830001,0.550000011921,0,-0.11,-0.22,-0.11
2024-02-09 08:57:05,442,0.08869683662830001,0.0,0,-0.11,-0.22,-0.11
2024-02-09 08:57:05,439,0.0339637347949,0.0,0,-0.11,-0.22,-0.11
2024-02-09 08:57:05,245,0.0339637347949,0.0,0,-0.11,-0.22,-0.11
2024-02-09 08:57:06,274,0.0339637347949,0.0,0,-0.11,-0.22,-0.11
2024-02-09 08:57:06,196,0.0339637347949,0.0,0,-0.11,-0.22,-0.11
2024-02-09 08:57:06,622,0.0633598075113,0.27500000596,0,-0.11,-0.22,-0.11
2024-02-09 08:57:06,272,0.156348310948,0.524999976158,0,-0.11,-0.22,-0.11
2024-02-09 08:57:06,273,0.156348310948,0.0,0,-0.11,-0.22,-0.11
2024-02-09 08:57:06,257,0.156348310948,0.0,0,-0.11,-0.22,-0.11
2024-02-09 08:57:16,448,0.060176770149600003,0.0,0,-0.11,-0.22,-0.11
2024-02-09 08:57:16,257,0.060176770149600003,0.0,0,-0.11,-0.22,-0.11
2024-02-09 08:57:16,257,0.060176770149600003,0.0,0,-0.11,-0.22,-0.11
2024-02-09 08:57:16,449,0.060176770149600003,0.0,0,-0.11,-0.22,-0.11
2024-02-09 08:57:16,257,0.060176770149600003,0.0,0,-0.11,-0.22,-0.11
2024-02-09 08:57:16,353,0.0633598029299,0.0250000003725,0,-0.11,-0.22,-0.11
2024-02-09 08:57:16,353,0.0339637317715,0.0,0,-0.11,-0.22,-0.11
2024-02-09 08:57:16,353,0.0817886628588,0.0250000003725,0,-0.11,-0.22,-0.11
2024-02-09 08:57:16,266,0.0780337646144,0.0250000003725,0,-0.11,-0.22,-0.11
2024-02-09 08:57:16,352,0.0780337646144,0.0,0,-0.11,-0.22,-0.11
2024-02-09 08:57:16,446,0.0780337646144,0.0,0,-0.11,-0.22,-0.11
2024-02-09 08:57:16,257,0.0780337646144,0.0,0,-0.11,-0.22,-0.11
2024-02-09 08:57:16,447,0.0780337646144,0.0,0,-0.11,-0.22,-0.11
2024-02-09 08:57:16,257,0.060910392672499994,0.125,0,-0.11,-0.22,-0.11
2024-02-09 08:57:16,451,0.060910392672499994,0.0,0,-0.11,-0.22,-0.11
2024-02-09 08:57:16,257,0.064118320186,0.0,0,-0.11,-0.22,-0.11
2024-02-09 08:57:16,452,0.064118320186,0.0,0,-0.11,-0.22,-0.11
2024-02-09 08:57:16,435,0.06743356150219999,0.0,0,-0.11,-0.22,-0.11
2024-02-09 08:57:16,257,0.0708571961497,0.0,0,-0.11,-0.22,-0.11
2024-02-09 08:57:16,454,0.0708571961497,0.0,0,-0.11,-0.22,-0.11
2024-02-09 08:57:16,443,0.0708571961497,0.0,0,-0.11,-0.22,-0.11
2024-02-09 08:57:16,257,0.0708571961497,0.0,0,-0.11,-0.22,-0.11
2024-02-09 08:57:16,455,0.0708571961497,0.0,0,-0.11,-0.22,-0.11
2024-02-09 08:57:16,456,0.08963632397119999,0.0,0,-0.11,-0.22,-0.11
2024-02-09 08:57:16,257,0.08963632397119999,0.0,0,-0.11,-0.22,-0.11
2024-02-09 08:57:16,457,0.08963632397119999,0.0,0,-0.11,-0.22,-0.11
2024-02-09 08:57:16,458,0.08963632397119999,0.0,0,-0.11,-0.22,-0.11
2024-02-09 08:57:16,257,0.08963632397119999,0.0,0,-0.11,-0.22,-0.11
2024-02-09 08:57:16,450,0.08963632397119999,0.0,0,-0.11,-0.22,-0.11
2024-02-09 08:58:14,192,0.0708571961497,0.125,0,-0.11,-0.22,-0.11
2024-02-09 08:58:16,287,0.0708571961497,0.0,0,-0.11,-0.22,-0.11
2024-02-09 08:58:16,193,0.0708571961497,0.0,0,-0.11,-0.22,-0.11
2024-02-09 08:59:37,440,0.0708571961497,0.0,0,-0.11,-0.22,-0.11
2024-02-09 08:59:37,445,0.0708571961497,0.0,0,-0.11,-0.22,-0.11
2024-02-09 08:59:37,212,0.0708571961497,0.0,0,-0.11,-0.22,-0.11
2024-02-09 08:59:37,439,0.0708571961497,0.0,0,-0.11,-0.22,-0.11
2024-02-09 08:59:37,438,0.0708571961497,0.0,0,-0.11,-0.22,-0.11
2024-02-09 08:59:37,437,0.0708571961497,0.0,0,-0.11,-0.22,-0.11
2024-02-09 08:59:37,256,0.0609103924374,0.0750000029802,0,-0.11,-0.22,-0.11
2024-02-09 08:59:37,436,0.07803376433880001,0.0,0,-0.11,-0.22,-0.11
2024-02-09 08:59:37,435,0.07803376433880001,0.0,0,-0.11,-0.22,-0.11
2024-02-09 08:59:37,435,0.07803376433880001,0.0,0,-0.11,-0.22,-0.11
2024-02-09 08:59:37,434,0.07803376433880001,0.0,0,-0.11,-0.22,-0.11
2024-02-09 08:59:37,432,0.07803376433880001,0.0,0,-0.11,-0.22,-0.11
2024-02-09 08:59:37,431,0.0361458129695,0.5,0,-0.11,-0.22,-0.11
2024-02-09 08:59:37,435,0.0361458129695,0.0,0,-0.11,-0.22,-0.11
2024-02-09 08:59:37,245,0.0512584896774,0.15000000596,0,-0.11,-0.22,-0.11
2024-02-09 08:59:37,195,0.057099666061699986,0.0500000007451,0,-0.11,-0.22,-0.11
2024-02-09 08:59:37,443,0.0484919410964,0.0,0,-0.11,-0.22,-0.11
2024-02-09 08:59:37,444,0.0484919410964,0.0,0,-0.11,-0.22,-0.11
2024-02-09 08:59:37,442,0.0484919410964,0.0,0,-0.11,-0.22,-0.11
2024-02-09 08:59:37,433,0.0484919410964,0.0,0,-0.11,-0.22,-0.11
2024-02-09 08:59:37,189,0.0633598060646,0.125,0,-0.11,-0.22,-0.11
2024-02-09 08:59:38,257,0.0633598060646,0.0,0,-0.11,-0.22,-0.11
2024-02-09 08:59:38,274,0.046439724158199996,0.0,0,-0.11,-0.22,-0.11
2024-02-09 08:59:38,622,0.051258490097199995,0.40000000596,0,-0.11,-0.22,-0.11
2024-02-09 08:59:38,196,0.0541273098329,0.17499999702,0,-0.11,-0.22,-0.11
2024-02-09 08:59:38,273,0.0484919406917,0.0,0,-0.11,-0.22,-0.11
2024-02-09 08:59:38,272,0.0484919406917,0.0,0,-0.11,-0.22,-0.11
2024-02-09 08:59:48,450,0.0484919406917,0.0,0,-0.11,-0.22,-0.11
2024-02-09 08:59:48,257,0.0484919406917,0.0,0,-0.11,-0.22,-0.11
2024-02-09 08:59:48,257,0.0484919406917,0.0,0,-0.11,-0.22,-0.11
2024-02-09 08:59:48,448,0.0361458129695,0.0,0,-0.11,-0.22,-0.11
2024-02-09 08:59:48,257,0.0361458129695,0.0,0,-0.11,-0.22,-0.11
2024-02-09 08:59:48,353,0.0361458129695,0.0,0,-0.11,-0.22,-0.11
2024-02-09 08:59:48,257,0.0548119537818,0.0750000029802,0,-0.11,-0.22,-0.11
2024-02-09 08:59:48,257,0.07803376433880001,0.0,0,-0.11,-0.22,-0.11
2024-02-09 08:59:48,353,0.07803376433880001,0.0,0,-0.11,-0.22,-0.11
2024-02-09 08:59:48,353,0.0674335607491,0.0750000029802,0,-0.11,-0.22,-0.11
2024-02-09 08:59:48,266,0.0674335607491,0.0,0,-0.11,-0.22,-0.11
2024-02-09 08:59:48,447,0.0518061930054,0.125,0,-0.11,-0.22,-0.11
2024-02-09 08:59:48,451,0.0518061930054,0.0,0,-0.11,-0.22,-0.11
2024-02-09 08:59:48,452,0.0518061930054,0.0,0,-0.11,-0.22,-0.11
2024-02-09 08:59:48,352,0.0518061930054,0.0,0,-0.11,-0.22,-0.11
2024-02-09 08:59:48,435,0.034362979894199994,0.27500000596,0,-0.11,-0.22,-0.11
2024-02-09 08:59:48,257,0.032052408369900004,0.0,0,-0.11,-0.22,-0.11
2024-02-09 08:59:48,454,0.032052408369900004,0.0,0,-0.11,-0.22,-0.11
2024-02-09 08:59:48,443,0.032052408369900004,0.0,0,-0.11,-0.22,-0.11
2024-02-09 08:59:48,257,0.0387177559131,0.0,0,-0.11,-0.22,-0.11
2024-02-09 08:59:48,455,0.0387177559131,0.0,0,-0.11,-0.22,-0.11
2024-02-09 08:59:48,456,0.0518061930054,0.0,0,-0.11,-0.22,-0.11
2024-02-09 08:59:48,257,0.0518061930054,0.0,0,-0.11,-0.22,-0.11
2024-02-09 08:59:48,257,0.0518061930054,0.0,0,-0.11,-0.22,-0.11
2024-02-09 08:59:48,457,0.0518061930054,0.0,0,-0.11,-0.22,-0.11
2024-02-09 08:59:48,458,0.09006765561480001,0.0,0,-0.11,-0.22,-0.11
2024-02-09 08:59:48,257,0.09006765561480001,0.0,0,-0.11,-0.22,-0.11
2024-02-09 08:59:48,446,0.09006765561480001,0.0,0,-0.11,-0.22,-0.11
2024-02-09 08:59:48,449,0.09006765561480001,0.0,0,-0.11,-0.22,-0.11
2024-02-09 09:00:59,433,0.09006765561480001,0.0,0,-0.11,-0.22,-0.11
2024-02-09 09:00:59,431,0.09006765561480001,0.0,0,-0.11,-0.22,-0.11
2024-02-09 09:00:59,432,0.09006765561480001,0.0,0,-0.11,-0.22,-0.11
2024-02-09 09:00:59,444,0.09006765561480001,0.0,0,-0.11,-0.22,-0.11
2024-02-09 09:00:59,434,0.09006765561480001,0.0,0,-0.11,-0.22,-0.11
2024-02-09 09:00:59,435,0.09006765561480001,0.0,0,-0.11,-0.22,-0.11
2024-02-09 09:00:59,435,0.09006765561480001,0.0,0,-0.11,-0.22,-0.11
2024-02-09 09:00:59,256,0.08602270613730001,0.0250000003725,0,-0.11,-0.22,-0.11
2024-02-09 09:00:59,437,0.08602270613730001,0.0,0,-0.11,-0.22,-0.11
2024-02-09 09:00:59,438,0.08602270613730001,0.0,0,-0.11,-0.22,-0.11
2024-02-09 09:00:59,439,0.08602270613730001,0.0,0,-0.11,-0.22,-0.11
2024-02-09 09:00:59,440,0.08602270613730001,0.0,0,-0.11,-0.22,-0.11
2024-02-09 09:00:59,442,0.08602270613730001,0.0,0,-0.11,-0.22,-0.11
2024-02-09 09:00:59,435,0.0413421058062,0.600000023842,0,-0.11,-0.22,-0.11
2024-02-09 09:00:59,436,0.0413421058062,0.0,0,-0.11,-0.22,-0.11
2024-02-09 09:00:59,245,0.0413421058062,0.0,0,-0.11,-0.22,-0.11
2024-02-09 09:00:59,443,0.0413421058062,0.0,0,-0.11,-0.22,-0.11
2024-02-09 09:00:59,195,0.0389181326825,0.0,0,-0.11,-0.22,-0.11
2024-02-09 09:00:59,189,0.0389181326825,0.0,0,-0.11,-0.22,-0.11
2024-02-09 09:00:59,212,0.0389181326825,0.0,0,-0.11,-0.22,-0.11
2024-02-09 09:00:59,445,0.0389181326825,0.0,0,-0.11,-0.22,-0.11
2024-02-09 09:01:00,594,0.103286568195,0.47499999404,0,-0.11,-0.22,-0.11
2024-02-09 09:01:26,199,0.231707823152,0.550000011921,0,-0.11,-0.22,-0.11
2024-02-09 09:01:26,144,0.09458705176719999,0.0,0,-0.11,-0.22,-0.11
2024-02-09 09:01:26,143,0.09458705176719999,0.0,0,-0.11,-0.22,-0.11
2024-02-09 09:01:26,341,0.09458705176719999,0.0,0,-0.11,-0.22,-0.11
2024-02-09 09:01:34,341,0.09458705176719999,0.0,0,-0.11,-0.22,-0.11
2024-02-09 09:01:34,342,0.10781556731599999,0.0750000029802,0,-0.11,-0.22,-0.11
2024-02-09 09:01:34,143,0.12714388390999998,0.10000000149,0,-0.11,-0.22,-0.11
2024-02-09 09:01:34,144,0.12714388390999998,0.0,0,-0.11,-0.22,-0.11
2024-02-09 09:01:34,342,0.154081655318,0.125,0,-0.11,-0.22,-0.11
2024-02-09 09:01:42,143,0.107815568683,0.25,0,-0.11,-0.22,-0.11
2024-02-09 09:01:42,341,0.0413421041475,0.0750000029802,0,-0.11,-0.22,-0.11
2024-02-09 09:01:42,144,0.0413421041475,0.0,0,-0.11,-0.22,-0.11
